place_id,여행지명,여행지설명,city,분류,activity_type,activity_ids,activity_level,season_preference,emotion_match
2304280002,가인,모항항수산물직판장,경기도,"상업지구(거리, 시장, 쇼핑시설)",실내,4,6,Spring,1;10;12;21;22
2304280003,153구포국수 덕천점,153구포국수 덕천점,강원도,식당/카페,실내,11,5,Spring,1;10;12;2;21
2304280004,백담사,백담사,강원도,식당/카페,실내,11,7,Spring,1;10;12;21;22
2304280005,국립현대미술관 청주,국립현대미술관 청주,부산광역시,"상업지구(거리, 시장, 쇼핑시설)",실내,4,5,Spring,10;12;2;21;22
2304290001,바다회수산,바다회수산,강원도,식당/카페,실내,11,6,Spring,1;10;12;2;21
2304290002,W 웨딩,감자바우,대전광역시,식당/카페,실내,11,6,Spring,1;10;12;2;21
2304290004,IFC 몰,BHC치킨 에버랜드점,강원도,식당/카페,실내,11,7,Spring,1;10;11;2;21
2304290005,경암동 철길마을,경암동철길마을,강원도,식당/카페,실내,11,7,Spring,10;11;2;21;22
2304290006,AK플라자 수원,AK플라자 AKTown점,부산광역시,"상업지구(거리, 시장, 쇼핑시설)",실내,4,6,Spring,11;2;21;22;23
2304290008,GS 더 프레시 경성 부경대점,GS더프레시 경성부경대점,전라남도,식당/카페,실내,11,6,Spring,11;2;21;22;24
2304290010,AK플라자 수원,AK플라자 AKTown점,경기도,"상업지구(거리, 시장, 쇼핑시설)",실내,4,6,Spring,3;4
2304300001,고 고리 식당,고고리,경기도,식당/카페,실내,11,6,Spring,1;10;11;12;2
2304300002,가평 양떼목장,가평양떼목장,강원도,식당/카페,실내,11,7,Spring,1;10;11;12;2
2304300003,MRNW,FunCity,경상북도,"역사/유적/종교 시설(문화재, 박물관, 촬영지, 절 등)",실외,2,6,Spring,1;10;11;12;13
2304300004,25시 LPG 충전소,S-OIL25시LPG충전소,강원도,"상업지구(거리, 시장, 쇼핑시설)",실내,4,6,Spring,1;10;11;12;2
2304300006,대전 오월드,대전오월드,경기도,자연관광지,실외,1,7,Spring,1;10;11;12;2
2305010001,공임 나라 군산 대야점,공임나라 군산대야점,강원도,자연관광지,실외,1,6,Spring,1;11;12;13;2
2305010002,남경 막국수,BHC치킨 에버랜드점,전라남도,식당/카페,실내,11,7,Spring,1;10;11;12;13
2305010003,CU 서산 해미읍성점,CU서산해미읍성점,전라남도,자연관광지,실외,1,6,Spring,1;10;11;12;13
2305150003,강화 루지,강화루지,충청북도,식당/카페,실내,11,6,Spring,1;11;2;21;22
2305150007,더 리터 정읍 상동 점,더리터 정읍상동점,대구광역시,"상업지구(거리, 시장, 쇼핑시설)",실내,4,6,Spring,1;10;11;2;21
2305150008,가네코 롯데백화점 영등포점,간코롯데영등포매니지먼트,대구광역시,식당/카페,실내,11,6,Spring,1;10;11;2;21
2305160003,꽃동 게장 1번가,꽃돌게장1번가,전라북도,식당/카페,실내,11,6,Spring,1;10;11;2;21
2305160004,강구안 및 통영중앙시장,고려대학교 서울캠퍼스,강원도,식당/카페,실내,11,6,Spring,1;10;11;12;2
2305160005,강릉동부시장,강릉동부시장,경상남도,식당/카페,실내,11,6,Spring,1;10;11;12;2
2305160012,돌담 통닭,돌담통닭,전라북도,"상업지구(거리, 시장, 쇼핑시설)",실내,4,2,Spring,1;11;22;24;26
2305170002,CU 제주성 지점,CU제주성지점,강원도,식당/카페,실내,11,6,Spring,1;10;11;12;2
2305170003,5.18기념공원,5.18기념공원,경기도,식당/카페,실내,11,6,Spring,1;10;11;12;2
2305170004,경포해수욕장,경포해수욕장,대구광역시,식당/카페,실내,11,6,Spring,1;10;11;12;2
2305170006,강릉 월화 거리,강릉월화거리,전라남도,식당/카페,실내,11,5,Spring,1;10;11;12;2
2305170009,계룡산 숯불갈비 지세포점,계룡산숯불갈비,전라남도,식당/카페,실내,11,6,Spring,1;12;2;21;22
2305180001,강릉 김밥,CGV 부천,경상북도,식당/카페,실내,11,6,Spring,1;11;12;2;21
2305180003,부천아트 벙커 B39,부천아트벙커B39,대구광역시,식당/카페,실내,11,6,Spring,1;10;11;12;13
2305180005,고 기장,고기장,부산광역시,식당/카페,실내,11,5,Spring,1;10;11;12;2
2305180006,끼룩 상점,구례화엄사대웅전,강원도,식당/카페,실내,11,5,Spring,1;10;12;2;21
2305180007,고향식당,달몬트,강원도,식당/카페,실내,11,5,Spring,1;10;12;2;21
2305180008,가마솥 옛 강정 2호점,강문해변,강원도,"역사/유적/종교 시설(문화재, 박물관, 촬영지, 절 등)",실외,2,5,Spring,10;12;2;21;22
2305180009,강릉 중앙시장,강릉중앙시장,강원도,"역사/유적/종교 시설(문화재, 박물관, 촬영지, 절 등)",실외,2,5,Spring,10;12;21;22;23
2305190001,개두룹장칼국수,개두룹장칼국수,강원도,식당/카페,실내,11,6,Spring,1;10;11;12;13
2305190002,에버랜드,BHC치킨 에버랜드점,전라북도,식당/카페,실내,11,6,Spring,1;10;11;12;13
2305190003,롯데월드,롯데월드,광주광역시,식당/카페,실내,11,6,Spring,1;10;11;12;13
2305190004,속초해수욕장,속초해수욕장,경상북도,식당/카페,실내,11,6,Spring,1;10;11;12;13
2305190005,오동도,오동도,경상북도,식당/카페,실내,11,5,Spring,1;10;11;12;13
2305190006,Cu 원주 일산 원룸점,교보문고 광화문점,전라남도,식당/카페,실내,11,6,Spring,1;10;11;12;13
2305190007,광화문광장,광화문광장,제주특별자치도,식당/카페,실내,11,6,Spring,1;10;11;12;13
2305190008,국립중앙박물관,GS25 W타워점,인천광역시,"역사/유적/종교 시설(문화재, 박물관, 촬영지, 절 등)",실외,2,5,Spring,1;11;12;2;21
2305200001,낙산사,낙산사,전라북도,식당/카페,실내,11,6,Spring,1;10;11;12;13
2305200002,광안리해수욕장,광안리해수욕장,강원도,식당/카페,실내,11,6,Spring,1;10;11;12;13
2305200003,송도센트럴파크,송도센트럴파크,경기도,식당/카페,실내,11,6,Spring,1;10;11;12;13
2305200004,더 현대 서울,더현대서울,강원도,식당/카페,실내,11,6,Spring,1;10;11;12;13
2305200005,해운대해수욕장,해운대해수욕장,경상남도,식당/카페,실내,11,6,Spring,1;10;11;12;13
2305200006,가장 맛있는 족발 인천 영종도점,가장맛있는족발,경기도,식당/카페,실내,11,6,Spring,1;10;11;12;13
2305200007,대릉원,대릉원,제주특별자치도,식당/카페,실내,11,6,Spring,1;10;11;12;13
2305200008,6계 대전 유성점,60계치킨,부산광역시,식당/카페,실내,11,6,Spring,1;10;11;12;2
2305200009,AK플라자 금정,AK플라자 금정점,부산광역시,식당/카페,실내,11,6,Spring,1;10;11;12;13
2305200010,강릉 중앙시장,2021년제16회해운대모래축제,부산광역시,식당/카페,실내,11,5,Spring,1;10;11;12;13
2305200011,GS25 공주공산성점,GS25 공주공산성점,강원도,식당/카페,실내,11,5,Spring,1;11;12;13;2
2305210001,해운대 모래축제,2021년제16회해운대모래축제,경상남도,식당/카페,실내,11,6,Spring,1;10;11;12;13
2305210002,거창박물관,거창박물관,경기도,식당/카페,실내,11,6,Spring,1;10;11;12;13
2305210003,M1971 요트투어,(주)이마트순천점,강원도,식당/카페,실내,11,6,Spring,1;10;11;12;13
2305210004,2093하우스,2093하우스,강원도,식당/카페,실내,11,6,Spring,1;10;11;12;13
2305210005,16오마주,16오마주,경기도,식당/카페,실내,11,6,Spring,1;10;11;12;13
2305210006,bd 버거 성수,BHC치킨,강원도,식당/카페,실내,11,6,Spring,1;10;11;12;13
2305210007,346커피스토리,346커피스토리,강원도,식당/카페,실내,11,6,Spring,1;10;11;12;2
2305210008,BIFF 거리,BIFF거리,강원도,식당/카페,실내,11,5,Spring,1;12;2;21;22
2305210009,대릉원,대릉원,부산광역시,자연관광지,실외,1,5,Spring,1;11;12;2;21
2305210015,프리지어,프리지아,전라남도,"상업지구(거리, 시장, 쇼핑시설)",실내,4,4,Spring,2;28
2305220001,섭지코지,섭지코지,강원도,식당/카페,실내,11,7,Spring,1;10;11;12;13
2305220002,가시 차방국수,가시아방국수,강원도,식당/카페,실내,11,6,Spring,1;10;11;12;13
2305220003,KD 렌터카,(주)KD렌트카,서울특별시,식당/카페,실내,11,6,Spring,1;10;11;12;13
2305220004,8월의 크리스마스 영화 촬영지 초원 사진관,강문해변,경기도,식당/카페,실내,11,6,Spring,1;10;11;12;13
2305220005,BIFF 거리,BIFF거리,강원도,식당/카페,실내,11,6,Spring,1;10;11;12;13
2305220006,8월의 크리스마스 카페,감성돈 제주협재점,전라북도,식당/카페,실내,11,5,Spring,1;10;11;12;13
2305220007,구르 미스에 카페,구르미스시&카페,강원도,식당/카페,실내,11,5,Spring,1;10;11;12;13
2305220008,CU 제주 평대점,CU 제주평대점,강원도,식당/카페,실내,11,5,Spring,1;10;12;2;21
2305220010,속초관광수산시장,속초관광수산시장,전라북도,"상업지구(거리, 시장, 쇼핑시설)",실내,4,5,Spring,1;21;22;23;24
2305220011,선소대교,(사)대전광역시관광협회-트래블라운지,전라북도,자연관광지,실외,1,4,Spring,1;2;21;22;23
2305230001,광안리해수욕장,광안리해수욕장,제주특별자치도,식당/카페,실내,11,7,Spring,1;10;11;12;13
2305230002,감나무 식당,GS25 한화리조트설악점,서울특별시,식당/카페,실내,11,6,Spring,1;10;11;12;13
2305230003,LX 지인스퀘어 신세계 타임스퀘어점,LX지인스퀘어 신세계타임스퀘어점,경기도,식당/카페,실내,11,6,Spring,1;10;11;12;13
2305230004,가시 차방국수,가시아방국수,전라북도,식당/카페,실내,11,6,Spring,1;10;11;12;13
2305230005,37 그릴 바,37그릴&바,전라북도,식당/카페,실내,11,6,Spring,1;10;11;12;13
2305230007,CU 남양 뉴타운 점,CU남양뉴타운점,강원도,자연관광지,실외,1,5,Spring,1;10;11;12;13
2305230008,고래가 어묵 해운대점,CU 제주메가리조트점,전라북도,식당/카페,실내,11,6,Spring,1;10;12;2;21
2305230009,F1963,F1963,전라북도,식당/카페,실내,11,5,Spring,1;10;12;2;21
2305230010,가가 책방,가가책방,전라북도,"역사/유적/종교 시설(문화재, 박물관, 촬영지, 절 등)",실외,2,5,Spring,1;12;2;21;22
2305230011,거리 먹거리. 쇼핑,경포호,전라북도,자연관광지,실외,1,6,Spring,1;12;2;21;22
2305230012,1938맨션,강문해변,전라북도,자연관광지,실외,1,6,Spring,1;10;12;2;21
2305240001,감자적 1번지,GS25 한화리조트거제점,울산광역시,식당/카페,실내,11,5,Spring,1;10;11;12;13
2305240002,K-water 합천댐 지사,GS25 남해송정점,전라북도,자연관광지,실외,1,6,Spring,1;10;11;12;13
2305240003,AVO,강릉빵다방 본점,서울특별시,식당/카페,실내,11,6,Spring,1;10;11;12;13
2305240004,88생선 구이,88생선구이,경기도,식당/카페,실내,11,6,Spring,1;10;11;12;13
2305240005,검멀레해변,검멀레해변,서울특별시,식당/카페,실내,11,6,Spring,1;10;11;12;13
2305240006,거제 거가 대로 3367,경암동철길마을,강원도,식당/카페,실내,11,5,Spring,1;10;11;12;13
2305240007,거동 탕수육,거동탕수육,세종특별자치시,식당/카페,실내,11,6,Spring,1;11;12;2;21
2305240008,강릉 월화 거리,NH농협,세종특별자치시,자연관광지,실외,1,6,Spring,1;10;12;2;21
2305240009,GS25 중구 퇴계점,GS25중구퇴계점,전라북도,식당/카페,실내,11,4,Spring,1;12;2;21;22
2305240013,서프랑,서피랑공원,강원도,자연관광지,실외,1,3,Spring,1;12;2;21;22
2305250002,경포대,경포대,제주특별자치도,식당/카페,실내,11,5,Spring,1;10;11;12;13
2305250003,경포호,경포호,제주특별자치도,식당/카페,실내,11,5,Spring,1;10;11;12;2
2305250004,3대 곰탕,3대곰탕,경상북도,식당/카페,실내,11,6,Spring,1;10;11;12;13
2305250005,동궁과 월지,동궁과월지,경상북도,식당/카페,실내,11,5,Spring,1;10;11;12;13
2305250006,가르송티미드 제주점,가르송티미드 제주,경상남도,식당/카페,실내,11,5,Spring,1;10;11;12;2
2305250007,송정해수욕장,송정해수욕장,경상북도,자연관광지,실외,1,6,Spring,1;10;11;12;13
2305250008,갤맷길5코스1구간 중 명지 철새탐조대,도산근린공원,경상북도,식당/카페,실내,11,6,Spring,1;10;12;13;2
2305260001,간세 라운지,GS25 한화리조트거제점,경상남도,식당/카페,실내,11,7,Spring,1;10;11;12;13
2305260002,316커피바,316커피바,서울특별시,식당/카페,실내,11,6,Spring,1;10;11;12;13
2305260003,9.81파크,9.81파크,경기도,식당/카페,실내,11,6,Spring,1;10;11;12;13
2305260004,18장마라탕 광교점,라비체,강원도,식당/카페,실내,11,6,Spring,1;10;11;12;13
2305260005,BIFF 광장,BIFF광장,강원도,식당/카페,실내,11,6,Spring,1;10;11;12;13
2305260006,해운대해수욕장,해운대해수욕장,강원도,식당/카페,실내,11,6,Spring,1;10;11;12;13
2305260007,GS25 인구해변점,GS25 인구해변점,부산광역시,식당/카페,실내,11,5,Spring,1;10;11;12;2
2305260008,9.81파크,9.81파크,부산광역시,식당/카페,실내,11,6,Spring,1;10;11;12;13
2305260009,속초관광수산시장,속초관광수산시장,서울특별시,"상업지구(거리, 시장, 쇼핑시설)",실내,4,6,Spring,1;11;12;13;2
2305270001,223 하동 세계 차 엑스포 제1행사장,CU,부산광역시,식당/카페,실내,11,6,Spring,1;10;11;12;13
2305270002,고향 연화,고향연화,경상남도,식당/카페,실내,11,6,Spring,1;10;11;12;13
2305270003,무진장,무진정,경기도,식당/카페,실내,11,6,Spring,1;10;11;12;13
2305270004,무진장,무진정,경상북도,식당/카페,실내,11,6,Spring,1;10;11;12;13
2305270005,강릉 중앙시장,강릉중앙시장,경상남도,식당/카페,실내,11,6,Spring,1;10;11;12;13
2305270006,광안리해수욕장,광안리해수욕장,부산광역시,식당/카페,실내,11,6,Spring,1;10;11;12;13
2305270007,강변체육공원,강변체육공원,경상남도,식당/카페,실내,11,6,Spring,1;10;11;12;13
2305270008,광안리해수욕장,광안리요트투어,경상남도,식당/카페,실내,11,5,Spring,1;10;11;12;13
2305270009,광안리해수욕장,광안리해수욕장,경상북도,식당/카페,실내,11,6,Spring,1;10;11;12;13
2305270010,광안리해수욕장,광안리해수욕장,전라북도,식당/카페,실내,11,5,Spring,1;10;11;12;13
2305270011,38선 넘은 장닭 안강점,(재)영화의전당,경상북도,식당/카페,실내,11,5,Spring,1;10;11;12;13
2305270012,고래고래 코인 노래연습장,고래고래코인노래연습장,경상남도,식당/카페,실내,11,6,Spring,1;10;11;12;13
2305280001,밀란 더 마켓,밀락 더 마켓,강원도,식당/카페,실내,11,6,Spring,1;10;11;12;13
2305280002,불국사,불국사,경상남도,식당/카페,실내,11,6,Spring,1;10;11;12;13
2305280003,국립 해양 박물관,국립해양박물관,경상남도,식당/카페,실내,11,6,Spring,1;10;11;12;13
2305280004,밀란 더 마켓,밀락 더 마켓,강원도,식당/카페,실내,11,6,Spring,1;10;11;12;13
2305280005,속초관광수산시장,속초관광수산시장,강원도,식당/카페,실내,11,6,Spring,1;10;11;12;13
2305280006,동궁과 월지,동궁과월지,강원도,식당/카페,실내,11,6,Spring,1;10;11;12;13
2305280007,광안리해수욕장,광안리해수욕장,강원도,식당/카페,실내,11,5,Spring,1;10;11;12;13
2305280008,BHC치킨 해운대 팔래그점,BHC치킨 해운대팔래드점,강원도,식당/카페,실내,11,6,Spring,1;10;11;12;13
2305280009,CU ATM 영등포 라이프점,CU ATM 영등포라이프점,강원도,식당/카페,실내,11,6,Spring,1;10;11;12;13
2305280013,목포 해상 케이블카 북항 승강장,목포해상케이블카 북항승강장,충청남도,자연관광지,실외,1,2,Spring,12;13;2;21;22
2305290001,국립경주박물관 어린이 박물관,국립경주박물관 어린이박물관,경기도,식당/카페,실내,11,6,Spring,1;10;11;12;13
2305290002,광안리해수욕장,광안리해수욕장,경기도,식당/카페,실내,11,6,Spring,1;10;11;12;13
2305290003,신세계백화점 센텀시티점,신세계백화점 센텀시티점,강원도,식당/카페,실내,11,6,Spring,1;10;11;12;13
2305290004,광장시장,광장시장,경기도,식당/카페,실내,11,6,Spring,1;10;11;12;13
2305290005,갤러리 밥스,갤러리밥스,경기도,식당/카페,실내,11,6,Spring,1;10;11;12;13
2305290006,제주동문재래시장,제주동문재래시장,강원도,식당/카페,실내,11,6,Spring,1;10;11;12;13
2305290007,속초관광수산시장,속초관광수산시장,경상남도,식당/카페,실내,11,6,Spring,1;10;11;12;13
2305290008,CU 주문진 등대점,CU주문진등대점,충청북도,식당/카페,실내,11,5,Spring,1;10;11;12;13
2305290009,굿앤 구스 소논문 델피노점,굿앤굿스 소노문델피노점,부산광역시,식당/카페,실내,11,5,Spring,1;10;11;12;2
2305300001,갈치 한 쌍,2021년제16회해운대모래축제,강원도,식당/카페,실내,11,6,Spring,1;10;11;12;13
2305300002,경주 양남 주상절리,경주 양남 주상절리,강원도,식당/카페,실내,11,6,Spring,1;10;11;12;13
2305300003,강릉 중앙시장,경주문무대왕릉,강원도,식당/카페,실내,11,6,Spring,1;10;11;12;13
2305300004,강릉 중앙시장,강릉중앙시장,강원도,식당/카페,실내,11,6,Spring,1;10;11;12;13
2305300005,1059-3 Coffee House,1059-3 Coffee House,강원도,식당/카페,실내,11,5,Spring,1;10;11;12;13
2305300006,BIFF 광장,BIFF광장,경기도,식당/카페,실내,11,5,Spring,1;10;11;12;13
2305300007,그랑 깨 등 일대,가야밀면,경상남도,식당/카페,실내,11,4,Spring,1;10;11;12;13
2305300008,Comon music plex,광한루원 야간,강원도,식당/카페,실내,11,5,Spring,1;10;11;12;13
2305300009,단아 카페,배스킨라빈스31제주서귀포점,경상북도,식당/카페,실내,11,5,Spring,1;11;13;2;21
2305300011,파리바게뜨 전북 삼례점,,전라북도,식당/카페,실내,11,4,Spring,1;21;28;4;6
2305310001,경비 순대 문경점,경미순대,경기도,식당/카페,실내,11,6,Spring,1;10;11;12;13
2305310002,가마골 쉼터,가마골쉼터,경상북도,식당/카페,실내,11,6,Spring,1;10;11;12;13
2305310003,문경 생태 미로공원,문경생태미로공원,강원도,식당/카페,실내,11,6,Spring,1;10;11;12;13
2305310004,CU 태안 신두리점,CU태안신두리점,경기도,식당/카페,실내,11,6,Spring,1;10;11;12;13
2305310005,감자적 1번지,SK에너지대원주유소,서울특별시,식당/카페,실내,11,6,Spring,1;10;11;12;13
2305310008,100시트,1100고지휴게소,부산광역시,식당/카페,실내,11,6,Spring,1;10;11;12;13
2305310009,CU 태안 만리포 행운 점,BKR버거킹시청역점,경상북도,식당/카페,실내,11,5,Spring,1;10;11;12;13
2305310013,영통 상가거리,청초호유원지,경기도,자연관광지,실외,1,6,Spring,1;11;2;23;3
2306010001,CU 경포 스카이베이점,CU 경포스카이베이점,제주특별자치도,식당/카페,실내,11,5,Summer,1;10;11;12;13
2306010002,만천하 스카이워크,만천하스카이워크,강원도,식당/카페,실내,11,6,Summer,1;10;11;12;13
2306010004,갈맷길 9코스 1구간 종점인 증대,aT센터,제주특별자치도,식당/카페,실내,11,6,Summer,1;10;11;12;13
2306010005,CGV 충주 교현,CGV충주교현1관,강원도,식당/카페,실내,11,6,Summer,1;10;11;12;13
2306010006,갓바위 찐빵 만두,갓바위 찐빵만두,경기도,식당/카페,실내,11,6,Summer,1;10;11;12;13
2306010007,제주동문재래시장,제주동문재래시장,강원도,식당/카페,실내,11,6,Summer,1;10;11;12;13
2306010009,CU 한림 사이로점,CU,전라북도,식당/카페,실내,11,5,Summer,1;10;11;12;2
2306010011,공산성,공산성,경기도,상점,실내,10,5,Summer,1;10;11;12;2
2306020001,24시 전주 명가 콩나물국밥 동해점,24시전주명가콩나물국밥 동해점,제주특별자치도,식당/카페,실내,11,6,Summer,1;10;11;12;13
2306020002,1.5닭갈비,1.5닭갈비,부산광역시,식당/카페,실내,11,6,Summer,1;10;11;12;13
2306020003,천지연폭포,천지연폭포,서울특별시,식당/카페,실내,11,6,Summer,1;10;11;12;13
2306020004,168계단,웅진백제역사관,경상남도,식당/카페,실내,11,6,Summer,1;10;11;12;13
2306020005,안목 해변,안목해변,경기도,식당/카페,실내,11,5,Summer,1;10;11;12;13
2306020006,군산근대역사박물관,군산근대역사박물관,강원도,식당/카페,실내,11,6,Summer,1;10;11;12;13
2306020007,진포해양테마공원,진포해양테마공원,대전광역시,식당/카페,실내,11,5,Summer,1;10;11;12;13
2306020008,한화생명 이글스 파크,한화생명이글스파크,서울특별시,식당/카페,실내,11,6,Summer,1;10;11;12;13
2306020009,광안리해수욕장,광안리해수욕장,강원도,자연관광지,실외,1,6,Summer,1;10;11;12;13
2306030001,말티재 전망대,말티재 전망대,제주특별자치도,식당/카페,실내,11,6,Summer,1;10;11;12;13
2306030002,공산성,공산성,경기도,식당/카페,실내,11,6,Summer,1;10;11;12;13
2306030003,KTG 상상마당 부산,KT&G상상마당 부산,경기도,식당/카페,실내,11,6,Summer,1;10;11;12;13
2306030004,남대문시장,GS25,충청북도,식당/카페,실내,11,6,Summer,1;10;11;12;13
2306030005,등대해수욕장,등대해수욕장,경기도,식당/카페,실내,11,6,Summer,1;10;11;12;13
2306030006,속초관광수산시장,속초관광수산시장,경기도,식당/카페,실내,11,6,Summer,1;10;11;12;13
2306030007,동궁과 월지,동궁과월지,부산광역시,식당/카페,실내,11,6,Summer,1;10;11;12;13
2306030008,강문해변,강문해변,강원도,식당/카페,실내,11,6,Summer,1;10;11;12;13
2306030009,CGV 홍대,CGV홍대1관,경상북도,식당/카페,실내,11,6,Summer,1;10;11;12;13
2306030010,해운대해수욕장,해운대해수욕장,전라북도,식당/카페,실내,11,6,Summer,1;10;12;13;2
2306030011,CU 무주구천동점,CU,강원도,"상업지구(거리, 시장, 쇼핑시설)",실내,4,5,Summer,1;10;11;12;13
2306040001,상생의 손,상생의손,충청남도,식당/카페,실내,11,7,Summer,1;10;11;12;13
2306040002,국립부여박물관,국립부여박물관,경기도,식당/카페,실내,11,6,Summer,1;10;11;12;13
2306040003,경암동 철길마을,경암동철길마을,경상북도,식당/카페,실내,11,6,Summer,1;10;11;12;13
2306040004,경암동 철길마을,CU,제주특별자치도,식당/카페,실내,11,6,Summer,1;10;11;12;13
2306040005,속초관광수산시장,속초관광수산시장,경상북도,식당/카페,실내,11,6,Summer,1;10;11;12;13
2306040006,국립 해양생물자원관 씨큐리움,국립해양생물자원관,경상북도,식당/카페,실내,11,6,Summer,1;10;11;12;13
2306040007,대릉원,대릉원,서울특별시,식당/카페,실내,11,5,Summer,1;10;11;12;13
2306040008,경복궁,경복궁,경상남도,식당/카페,실내,11,5,Summer,1;10;11;12;13
2306040009,강릉 중앙시장,강릉중앙시장,서울특별시,식당/카페,실내,11,5,Summer,1;10;11;12;13
2306040010,가은 아자개 장터,가은아자개장터,강원도,"상업지구(거리, 시장, 쇼핑시설)",실내,4,6,Summer,1;10;11;12;13
2306040012,동궁과 월지,동궁과월지,경상남도,식당/카페,실내,11,6,Summer,1;10;11;13;2
2306050001,국립중앙박물관,국립중앙박물관,경상남도,식당/카페,실내,11,6,Summer,1;10;11;12;13
2306050002,이성당 본점,이성당 본점,경상북도,식당/카페,실내,11,6,Summer,1;10;11;12;13
2306050003,만동 제과,만동제과,경기도,식당/카페,실내,11,6,Summer,1;10;11;12;13
2306050004,매미성,매미성,강원도,식당/카페,실내,11,6,Summer,1;10;11;12;13
2306050005,79파운야드 광주 동명점,79파운야드 광주동명점,경기도,식당/카페,실내,11,6,Summer,1;10;11;12;13
2306050006,1925감포,(주)아트박스울산삼산점,경상남도,식당/카페,실내,11,5,Summer,1;10;11;12;13
2306050007,CU 여수 진남점,CU 여수진남점,대구광역시,식당/카페,실내,11,5,Summer,1;10;11;12;13
2306050008,2번 창고,2번창고,대구광역시,식당/카페,실내,11,5,Summer,1;10;11;12;13
2306050009,그릴 룸,그릴룸,제주특별자치도,식당/카페,실내,11,5,Summer,1;10;11;12;13
2306050015,내 조국 국밥 소호점,수륙해안산책로,전라남도,자연관광지,실외,1,6,Summer,2;22;28;3;5
2306050016,GS25 여수 송소점,,전라남도,상점,실내,10,1,Summer,2;22;3;6;9
2306060001,강릉 동화 가든 본점,동화가든 본점,제주특별자치도,식당/카페,실내,11,6,Summer,1;10;11;12;13
2306060002,고씨네 천지 국수,고씨네천지국수,경기도,식당/카페,실내,11,6,Summer,1;10;11;12;13
2306060003,대릉원,LH한가람마을2단지아파트,경기도,식당/카페,실내,11,6,Summer,1;10;11;12;13
2306060004,영일 대전 망대,영일대전망대,경기도,식당/카페,실내,11,6,Summer,1;10;11;12;13
2306060005,성심당 DCC점,성심당 DCC점,강원도,식당/카페,실내,11,6,Summer,1;10;11;12;13
2306060006,강릉 중앙시장,강릉중앙시장,광주광역시,식당/카페,실내,11,6,Summer,1;10;11;12;13
2306060007,한밭수목원,한밭수목원,전라남도,식당/카페,실내,11,5,Summer,1;10;11;12;13
2306060008,GS25 애월 신엄 해안점,GS25 애월신엄해안점,경기도,식당/카페,실내,11,5,Summer,1;10;11;12;13
2306060009,CU 편의점,가마미해수욕장,서울특별시,식당/카페,실내,11,5,Summer,1;10;11;12;13
2306060010,SK 렌터카 제주지점,SK렌터카 제주지점,광주광역시,식당/카페,실내,11,6,Summer,1;10;11;12;13
2306060011,97도씨 해물칼국수 영종 본점,97도씨 해물칼국수 영종본점,인천광역시,"역사/유적/종교 시설(문화재, 박물관, 촬영지, 절 등)",실외,2,6,Summer,1;12;13;2;21
2306060013,더 인피니,금강교,광주광역시,"산책로, 둘레길 등",실외,7,6,Summer,1;2;21;22;23
2306060014,공산성 입구,공산성 입구,전라북도,식당/카페,실내,11,4,Summer,1;12;13;2;21
2306070001,광안리해수욕장,광안리해수욕장,제주특별자치도,식당/카페,실내,11,6,Summer,1;10;11;12;13
2306070002,97도씨 해물칼국수 영종 본점,97도씨 해물칼국수 영종본점,강원도,식당/카페,실내,11,6,Summer,1;10;11;12;13
2306070003,카멜리아힐,카멜리아힐,경기도,식당/카페,실내,11,6,Summer,1;10;11;12;13
2306070004,풍로 중문 직영점,풍로 중문직영점,강원도,식당/카페,실내,11,6,Summer,1;10;11;12;13
2306070005,강촌레일파크 김유정역,강촌레일파크 김유정역,경상남도,식당/카페,실내,11,6,Summer,1;10;11;12;13
2306070006,강남역 지하상가,강남역지하상가,강원도,식당/카페,실내,11,5,Summer,1;10;11;12;13
2306070007,경주 보문관광단지,경주보문관광단지,강원도,식당/카페,실내,11,5,Summer,1;10;11;12;13
2306070008,국립공주 박물관,국립공주박물관,강원도,식당/카페,실내,11,5,Summer,1;10;11;12;13
2306070009,고불개해변,고불개해수욕장,강원도,자연관광지,실외,1,5,Summer,1;10;11;12;13
2306080001,LG전자 베스트숍옥암점,BHC치킨 에버랜드점,강원도,식당/카페,실내,11,6,Summer,1;10;11;12;13
2306080002,CU 정동진 모래 시계점,CU정동진모래시계점,강원도,식당/카페,실내,11,6,Summer,1;10;11;12;13
2306080003,강문해변,강문해변,강원도,식당/카페,실내,11,6,Summer,1;10;11;12;13
2306080005,용머리해안,용머리해안,전라북도,식당/카페,실내,11,6,Summer,1;10;11;12;13
2306080006,1894사랑채,1894사랑채,제주특별자치도,식당/카페,실내,11,6,Summer,1;10;11;12;13
2306080008,교보문고 센텀시티점,교보문고 센텀시티점,제주특별자치도,식당/카페,실내,11,5,Summer,1;10;11;12;2
2306080009,다인오세아노호텔 나라 다이닝,다인오세아노호텔,경기도,식당/카페,실내,11,5,Summer,1;10;11;12;2
2306080010,관덕정,관덕정,경상남도,"상업지구(거리, 시장, 쇼핑시설)",실내,4,4,Summer,1;10;12;2;21
2306080012,김녕해수욕장,김녕해수욕장,제주특별자치도,식당/카페,실내,11,5,Summer,1;10;12;2;21
2306080014,사량 대교,새들러하우스 제주애월점,경상남도,"산책로, 둘레길 등",실외,7,6,Summer,1;2;22;24;4
2306090001,GS25 속초 타워점,GS25,제주특별자치도,식당/카페,실내,11,7,Summer,1;10;11;12;13
2306090002,에버랜드,BHC치킨 에버랜드점,제주특별자치도,식당/카페,실내,11,6,Summer,1;10;11;12;13
2306090003,CGV 경산,보리암,제주특별자치도,식당/카페,실내,11,7,Summer,1;10;11;12;13
2306090004,오동도,오동도,제주특별자치도,식당/카페,실내,11,6,Summer,1;10;11;12;13
2306090005,KTG 상상마당 부산,KT&G상상마당 부산,경기도,식당/카페,실내,11,6,Summer,1;10;11;12;13
2306090006,건대 입구,GS칼텍스삼다주유소,서울특별시,식당/카페,실내,11,5,Summer,1;10;11;12;13
2306090007,2.28기념중앙공원,2.28기념중앙공원,제주특별자치도,식당/카페,실내,11,5,Summer,1;10;11;12;13
2306090008,1897건맥 펍,1897건맥펍,충청남도,식당/카페,실내,11,5,Summer,1;11;12;2;21
2306100001,답다니 수국밭,답다니수국밭,강원도,식당/카페,실내,11,7,Summer,1;10;11;12;13
2306100002,세종 호수공원,버거네버거,경기도,식당/카페,실내,11,6,Summer,1;10;11;12;13
2306100003,산방산,산방산,경기도,식당/카페,실내,11,6,Summer,1;10;11;12;13
2306100004,6계 나주 대호점,3D과학체험관,강원도,식당/카페,실내,11,6,Summer,1;10;11;12;13
2306100005,성심당 본점,성심당 본점,경기도,식당/카페,실내,11,6,Summer,1;10;11;12;13
2306100006,엑스포과학공원,엑스포과학공원,대전광역시,식당/카페,실내,11,6,Summer,1;10;11;12;13
2306100007,GS25 동탄 호수 계룡점,GS25 동탄호수계룡점,서울특별시,식당/카페,실내,11,5,Summer,1;10;11;12;13
2306100008,100시트,경복궁,서울특별시,식당/카페,실내,11,5,Summer,1;10;11;12;13
2306100009,CU 인제 기린 대로 점,CU인제기린대로점,전라북도,"상업지구(거리, 시장, 쇼핑시설)",실내,4,4,Summer,1;10;11;12;13
2306100010,광화문광장,광화문광장,인천광역시,식당/카페,실내,11,4,Summer,1;11;12;2;21
2306100012,다이소 대전 유성온천역점,다이소 대전유성온천역점,서울특별시,상점,실내,10,4,Summer,1;12;2;21;22
2306110001,강화해 원조 칼국수,강화원조칼국수,제주특별자치도,식당/카페,실내,11,6,Summer,1;10;11;12;13
2306110002,CGV 판교,CGV판교제1관,제주특별자치도,식당/카페,실내,11,6,Summer,1;10;11;12;13
2306110003,61호 명태 전,61호명태전,충청남도,식당/카페,실내,11,6,Summer,1;10;11;12;13
2306110004,NC백화점 야탑점,NC백화점 야탑점,경기도,식당/카페,실내,11,5,Summer,1;10;11;12;13
2306110005,CU 강서 마곡점,CU 안면아일랜드리솜점,경기도,식당/카페,실내,11,6,Summer,1;10;11;12;13
2306110006,서귀포 매일 올레시장,서귀포매일올레시장,경기도,자연관광지,실외,1,6,Summer,1;10;11;12;13
2306110007,공산성,공산성,경기도,식당/카페,실내,11,5,Summer,1;11;12;13;2
2306110008,가마골 쉼터,가마골쉼터,경기도,식당/카페,실내,11,5,Summer,1;12;13;2;21
2306110009,검멀레해변,검멀레해변,충청북도,식당/카페,실내,11,5,Summer,1;12;13;2;21
2306120002,마농 르블랑,마노르블랑,경기도,식당/카페,실내,11,6,Summer,1;10;11;12;13
2306120003,곡성 섬진강 기차마을,5.16도로숲터널,제주특별자치도,식당/카페,실내,11,7,Summer,1;10;11;12;13
2306120004,검멀레해변,(주)제주스카이랩,충청북도,식당/카페,실내,11,6,Summer,1;10;11;12;13
2306120009,배스킨라빈스 천안 성환점,도산근린공원,제주특별자치도,식당/카페,실내,11,5,Summer,1;10;11;2;21
2306130001,14섬 수석 미술관,1004섬수석미술관,제주특별자치도,식당/카페,실내,11,7,Summer,1;10;11;12;13
2306130002,제주항공 우주 박물관,제주항공우주박물관,제주특별자치도,식당/카페,실내,11,6,Summer,1;10;11;13;2
2306130003,고궁 보말 손칼국수,고궁보말손칼국수,전라북도,식당/카페,실내,11,6,Summer,1;10;11;12;13
2306130004,도두동 무지개 해안도로,도두동무지개해안도로,제주특별자치도,식당/카페,실내,11,6,Summer,1;10;11;12;13
2306130005,(주) 신세계 니코르 AK  홍대점,갈치옥 함덕,서울특별시,식당/카페,실내,11,6,Summer,1;10;11;12;13
2306130006,금호리조트 제주 아쿠아나,금호리조트 제주아쿠아나,경기도,식당/카페,실내,11,6,Summer,1;10;11;13;2
2306140001,귤당리,귤당리,제주특별자치도,식당/카페,실내,11,7,Summer,1;10;11;12;13
2306140003,마농 르블랑,마노르블랑,경기도,식당/카페,실내,11,6,Summer,1;10;11;12;13
2306140004,Tesla 제주 스토어,Tesla 제주 스토어,제주특별자치도,식당/카페,실내,11,6,Summer,1;10;11;12;13
2306140005,제주동문재래시장,제주동문재래시장,경기도,식당/카페,실내,11,7,Summer,1;11;12;13;2
2306140006,KD 렌터카,COFFEE99.9,제주특별자치도,식당/카페,실내,11,6,Summer,1;10;11;12;13
2306140009,BAR99,델문도,제주특별자치도,식당/카페,실내,11,6,Summer,1;11;2;22;23
2306150001,국립 운악산 자연휴양림,국립운악산자연휴양림,제주특별자치도,식당/카페,실내,11,6,Summer,1;10;11;12;2
2306150002,가뫼물,가뫼물,경기도,식당/카페,실내,11,6,Summer,1;10;11;12;13
2306150003,빽다방 베이커리 제주사수점,빽다방베이커리 제주사수점,경기도,식당/카페,실내,11,6,Summer,1;10;11;12;13
2306150004,가닥,가닥,제주특별자치도,식당/카페,실내,11,6,Summer,1;10;11;12;13
2306150005,마농 르블랑,마노르블랑,제주특별자치도,식당/카페,실내,11,6,Summer,1;10;11;12;13
2306150006,제주동문시장,광장,제주특별자치도,식당/카페,실내,11,5,Summer,1;11;12;13;2
2306150007,강문해변,강문해변,경기도,자연관광지,실외,1,5,Summer,1;11;12;13;2
2306150009,구옥,꾸옥,전라북도,자연관광지,실외,1,6,Summer,1;12;13;2;21
2306150010,금강하굿둑 철새조망대 인증센터,금강하구둑 철새조망대 인증센터,전라남도,식당/카페,실내,11,6,Summer,1;11;2;21;22
2306160001,런던 베이글 뮤지엄 제주점,런던베이글뮤지엄 제주점,전라남도,식당/카페,실내,11,7,Summer,1;10;11;12;2
2306160002,W 몰 가산점,FB씨어터,제주특별자치도,식당/카페,실내,11,6,Summer,1;10;11;12;13
2306160003,김녕미로공원,BHC치킨 에버랜드점,경기도,식당/카페,실내,11,6,Summer,1;10;11;12;13
2306160004,AK플라자 수원,AK플라자 AKTown점,서울특별시,식당/카페,실내,11,6,Summer,1;10;11;12;13
2306160005,가평 조은 마트,가평 조은마트,경기도,식당/카페,실내,11,5,Summer,1;10;11;12;13
2306160006,김녕해수욕장,고이정 본점,경기도,식당/카페,실내,11,6,Summer,1;10;11;12;13
2306160007,1675바이솔터코크,설빙,경기도,식당/카페,실내,11,6,Summer,1;10;11;12;13
2306170001,가마솥 할머니 해장국,가마솥할머니해장국입구,충청남도,식당/카페,실내,11,6,Summer,1;10;11;12;13
2306170002,마농 르블랑,마노르블랑,경기도,식당/카페,실내,11,6,Summer,1;10;11;12;13
2306170003,LX22 베이커리 카페,LX22베이커리카페,경기도,식당/카페,실내,11,6,Summer,1;10;11;12;13
2306170004,서귀포 매일 올레시장,서귀포매일올레시장,제주특별자치도,식당/카페,실내,11,6,Summer,1;10;11;12;13
2306170005,서귀포 매일 올레시장,서귀포매일올레시장,경기도,식당/카페,실내,11,6,Summer,1;10;11;12;13
2306170006,1987루프탑 라운지 클램,DGB대구은행파크,경기도,식당/카페,실내,11,6,Summer,1;10;11;12;13
2306170007,점점,점점,경기도,식당/카페,실내,11,5,Summer,1;10;11;12;13
2306170008,잠실종합운동장 올림픽 주경기장,FB씨어터,인천광역시,식당/카페,실내,11,6,Summer,1;10;11;12;13
2306170009,다이소 용담점,감성교복 롯데월드점,서울특별시,식당/카페,실내,11,5,Summer,1;12;13;2;21
2306170010,CU 지곡 원룸점,(주)돌핀레져여행,경기도,식당/카페,실내,11,5,Summer,1;10;11;12;13
2306170011,CU 구의 비너스점,CU역삼강남점,대전광역시,식당/카페,실내,11,5,Summer,1;12;2;21;22
2306170012,나무 사이로,갈치옥 함덕,대전광역시,식당/카페,실내,11,5,Summer,1;10;2;21;22
2306180001,천지연폭포,천지연폭포,강원도,식당/카페,실내,11,6,Summer,1;10;11;12;13
2306180002,함덕해수욕장,(주)마트킹북수원,경기도,식당/카페,실내,11,6,Summer,1;10;11;12;13
2306180003,탑정호 출렁다리,탑정호 출렁다리,경기도,식당/카페,실내,11,6,Summer,1;10;11;12;13
2306180004,함덕해수욕장,함덕해수욕장,경기도,식당/카페,실내,11,6,Summer,1;10;11;12;13
2306180005,마틸다,마틸다,제주특별자치도,식당/카페,실내,11,6,Summer,1;10;11;12;13
2306180006,이순신광장,사계진미숯불닭갈비 울산신천점,제주특별자치도,식당/카페,실내,11,6,Summer,1;10;11;12;13
2306180007,CU 제천역점,CU(제천역점),경기도,자연관광지,실외,1,6,Summer,1;10;11;12;13
2306180008,거창 창포원,(주)지티인터내셔널오션솔레뷰호텔,제주특별자치도,식당/카페,실내,11,6,Summer,1;10;11;12;13
2306180010,깐부치킨 광교 도청점,깐부치킨 광교도청점,서울특별시,"역사/유적/종교 시설(문화재, 박물관, 촬영지, 절 등)",실외,2,4,Summer,1;11;12;2;21
2306190002,점점,협재해수욕장,경기도,식당/카페,실내,11,6,Summer,1;10;11;12;13
2306190003,검멀레해변,BHC치킨 에버랜드점,제주특별자치도,식당/카페,실내,11,6,Summer,1;11;12;13;2
2306190004,정방폭포,정방폭포,제주특별자치도,식당/카페,실내,11,6,Summer,1;11;12;13;2
2306190005,9.81파크,9.81파크,경기도,식당/카페,실내,11,6,Summer,1;11;12;2;21
2306190006,서귀포 매일 올레시장,서귀포매일올레시장,제주특별자치도,식당/카페,실내,11,6,Summer,1;11;12;2;21
2306190007,나원회포차,나원회포차,제주특별자치도,식당/카페,실내,11,6,Summer,1;11;2;21;22
2306190008,가지고,교래흑돼지 본점,전라남도,식당/카페,실내,11,5,Summer,1;11;2;21;22
2306190009,금능해수욕장,금능해수욕장,경상북도,식당/카페,실내,11,4,Summer,1;21;22;23;24
2306190011,금능해수욕장,금능해수욕장,경상북도,자연관광지,실외,1,4,Summer,1;11;12;2;21
2306200001,미쁜 제과,미쁜제과,제주특별자치도,식당/카페,실내,11,6,Summer,1;11;12;2;21
2306200002,다음 솥,도담삼봉관광지,제주특별자치도,식당/카페,실내,11,6,Summer,1;10;11;12;2
2306200003,가마골 백숙 양주점,가마골백숙동경,제주특별자치도,식당/카페,실내,11,6,Summer,1;10;11;12;2
2306200004,글램 313(카페),더식당 명동점,서울특별시,식당/카페,실내,11,6,Summer,1;10;11;12;13
2306200005,국립신시도 자연휴양림(커뮤니티센터 원형 전망대 태양 전망대),군산근대미술관,제주특별자치도,식당/카페,실내,11,6,Summer,1;10;11;12;13
2306200007,함덕해수욕장,함덕해수욕장,경기도,자연관광지,실외,1,6,Summer,1;10;12;13;2
2306200008,가지가지 상점,가지가지상점,제주특별자치도,식당/카페,실내,11,6,Summer,1;11;12;13;2
2306200010,서귀포 매일 올레시장,서귀포매일올레시장,전라북도,"상업지구(거리, 시장, 쇼핑시설)",실내,4,5,Summer,1;2;21;22;26
2306210001,강정천 주유소,고씨네천지국수,제주특별자치도,식당/카페,실내,11,6,Summer,1;10;11;12;2
2306210002,감초 식당,감초식당,제주특별자치도,식당/카페,실내,11,6,Summer,1;10;11;12;13
2306210003,갈치 바다 애월점,갈치바다 애월점,제주특별자치도,식당/카페,실내,11,6,Summer,1;10;11;12;13
2306210004,이호 테우해수욕장,이호테우해수욕장,대전광역시,식당/카페,실내,11,6,Summer,1;10;11;12;13
2306210005,협재해수욕장,협재해수욕장,부산광역시,식당/카페,실내,11,6,Summer,1;10;11;12;13
2306210006,제주동문시장,가르송티미드 제주,제주특별자치도,식당/카페,실내,11,6,Summer,1;10;11;12;13
2306210007,금강 우렁이 쌈밥,금강우렁쌈밥,전라남도,식당/카페,실내,11,6,Summer,1;10;11;12;13
2306210008,GS 더 프레시 대전 스마트시티점,GS더프레시 대전스마트시티점,제주특별자치도,식당/카페,실내,11,5,Summer,1;10;11;12;13
2306220001,판포 포구,판포포구,제주특별자치도,식당/카페,실내,11,6,Summer,1;10;12;13;2
2306220002,GS25 가평 산 유점,GS25 가평산유점,경기도,식당/카페,실내,11,6,Summer,1;10;11;12;13
2306220003,GS칼텍스 예울마루,BHC치킨 에버랜드점,경기도,식당/카페,실내,11,6,Summer,1;10;11;12;13
2306220004,아베베 베이커리,아베베베이커리,대구광역시,식당/카페,실내,11,6,Summer,1;10;11;12;13
2306220005,함덕해수욕장,함덕해수욕장,제주특별자치도,자연관광지,실외,1,6,Summer,1;10;11;12;13
2306220006,성산일출봉,성산일출봉,경기도,식당/카페,실내,11,6,Summer,1;10;11;12;13
2306220007,가시 차방국 수,가시아방국수,경기도,식당/카페,실내,11,5,Summer,1;10;12;13;2
2306220009,곶자왈 반딧불이 축제,곶자왈반딧불이축제,경상북도,식당/카페,실내,11,4,Summer,1;12;2;21;22
2306230002,4est 수목원,4est수목원,경상남도,식당/카페,실내,11,6,Summer,1;10;11;12;13
2306230003,4est 수목원,BHC치킨 에버랜드점,제주특별자치도,식당/카페,실내,11,6,Summer,1;10;11;12;13
2306230004,0415카페,0415카페,경상남도,식당/카페,실내,11,6,Summer,1;10;11;12;13
2306230005,도두동 무지개 해안도로,도두동무지개해안도로,경기도,식당/카페,실내,11,6,Summer,1;10;11;12;13
2306230006,서귀포 매일 올레시장,서귀포매일올레시장,경상남도,식당/카페,실내,11,6,Summer,1;10;11;12;13
2306230007,자매 국수,자매국수,서울특별시,식당/카페,실내,11,6,Summer,1;10;11;12;13
2306230008,KTG 상상마당 홍대,KT&G상상마당 홍대,부산광역시,식당/카페,실내,11,5,Summer,1;10;11;12;2
2306230009,강문해변,강문해변,부산광역시,식당/카페,실내,11,5,Summer,1;10;11;12;13
2306230011,금오름,금오름,강원도,식당/카페,실내,11,6,Summer,1;11;12;13;2
2306230012,CU 당진 삽교 부자점,CU 당진삽교부자점,부산광역시,자연관광지,실외,1,4,Summer,1;11;12;2;21
2306230013,마뗑킴,마뗑킴,부산광역시,상점,실내,10,4,Summer,1;11;12;2;21
2306230017,서귀 포차,,제주특별자치도,식당/카페,실내,11,8,Summer,12;2;3;4;6
2306240001,CGV 동탄,CGV,경기도,식당/카페,실내,11,6,Summer,1;10;11;12;13
2306240002,별 방진,BHC치킨 에버랜드점,대구광역시,식당/카페,실내,11,6,Summer,1;10;11;12;13
2306240003,서귀포 매일 올레시장,서귀포매일올레시장,경기도,식당/카페,실내,11,6,Summer,1;10;11;12;13
2306240004,더 현대 서울,더현대서울,경기도,식당/카페,실내,11,6,Summer,1;10;11;12;13
2306240005,오설록 티 뮤지엄,오설록티뮤지엄,제주특별자치도,식당/카페,실내,11,6,Summer,1;10;11;12;13
2306240006,제주동문시장,제주동문시장,경기도,식당/카페,실내,11,6,Summer,1;10;11;12;13
2306240007,순천만 국가정원,순천만국가정원,경기도,식당/카페,실내,11,5,Summer,1;10;11;12;13
2306240008,321베렌도,321베렌도,경기도,식당/카페,실내,11,6,Summer,1;10;11;12;2
2306240009,NC대전 유성점,NC 대전유성점,경기도,식당/카페,실내,11,5,Summer,1;10;11;12;2
2306240010,GS25 둔산을 지점,GS25둔산을지점,경기도,식당/카페,실내,11,6,Summer,1;11;12;2;21
2306240015,소섬바라기,소섬바라기,경상남도,식당/카페,실내,11,4,Summer,10;12;2;21;22
2306250001,내가 조선의 국밥이다 돌산점,내가조선의국밥이다 돌산점,충청북도,식당/카페,실내,11,6,Summer,1;10;11;12;13
2306250002,엉또폭포,엉또폭포,경기도,식당/카페,실내,11,6,Summer,1;10;11;12;13
2306250003,투썸플레이스 제주 애월 다인호텔점,투썸플레이스 제주애월다인호텔점,경기도,식당/카페,실내,11,6,Summer,1;10;11;12;13
2306250004,1158흑돼지,1158흑돼지,인천광역시,식당/카페,실내,11,6,Summer,1;10;11;12;13
2306250005,경기전,경기전,서울특별시,식당/카페,실내,11,6,Summer,1;10;11;12;13
2306250006,우진해장국,우진해장국,서울특별시,식당/카페,실내,11,6,Summer,1;10;11;12;13
2306250007,경천서 공원,E1공항충전소,경기도,식당/카페,실내,11,5,Summer,1;10;11;12;2
2306250008,SK 렌터카 빌리가,ZARA 롯데아울렛서울역점,제주특별자치도,식당/카페,실내,11,5,Summer,1;10;11;12;2
2306250009,달빛 쌈지공원,달빛쌈지공원,경상남도,식당/카페,실내,11,6,Summer,1;10;11;12;2
2306260001,갈치 바다 애월점,5.16도로숲터널,경기도,식당/카페,실내,11,6,Summer,1;10;11;12;2
2306260002,곽지해수욕장,곽지해수욕장,서울특별시,식당/카페,실내,11,6,Summer,1;10;11;12;2
2306260003,랜디스 도넛 제주 애월점,랜디스도넛 제주애월점,제주특별자치도,식당/카페,실내,11,6,Summer,1;10;11;12;13
2306260004,서귀포 매일 올레시장,서귀포매일올레시장,제주특별자치도,식당/카페,실내,11,6,Summer,1;10;11;12;13
2306260005,Coffee 99.9,S마트,제주특별자치도,식당/카페,실내,11,6,Summer,1;10;11;12;13
2306260007,CGV 대구 수성,CGV,제주특별자치도,식당/카페,실내,11,6,Summer,1;10;12;2;21
2306260008,고향 막창구이,고향막창구이,제주특별자치도,자연관광지,실외,1,4,Summer,1;10;12;13;2
2306260012,미소 식빵 전주 객사점,미소식빵 전주객사점,제주특별자치도,자연관광지,실외,1,2,Summer,12;2;22;26;3
2306270001,고씨네 천지 국수,고씨네천지국수,제주특별자치도,식당/카페,실내,11,6,Summer,1;11;12;13;2
2306270003,바이 제주,바이제주,제주특별자치도,식당/카페,실내,11,6,Summer,1;10;11;12;13
2306270005,월정리 해수욕장,월정리해수욕장,강원도,식당/카페,실내,11,5,Summer,1;10;11;12;13
2306270006,함덕해수욕장,함덕해수욕장,경기도,식당/카페,실내,11,6,Summer,1;10;12;13;2
2306270007,CU 제주 함덕 사거리점,CU,경기도,식당/카페,실내,11,5,Summer,1;10;13;2;21
2306270010,국립현대미술관 청주,국립현대미술관 청주,서울특별시,식당/카페,실내,11,5,Summer,1;10;13;2;21
2306270011,기완상점,롯데리아 제주표선해변점,제주특별자치도,식당/카페,실내,11,5,Summer,1;10;13;2;21
2306280002,사려니숲길,사려니숲길,제주특별자치도,식당/카페,실내,11,6,Summer,1;10;11;12;13
2306280003,협재해수욕장,협재해수욕장,인천광역시,식당/카페,실내,11,5,Summer,1;10;11;12;13
2306280004,바이 제주,바이제주,경기도,식당/카페,실내,11,6,Summer,1;10;11;12;13
2306280006,갤러리아백화점 광교점,갤러리아백화점 광교점,전라남도,식당/카페,실내,11,6,Summer,1;10;11;12;13
2306280009,김씨술생활 제주함덕점,김씨술생활 제주함덕점,제주특별자치도,식당/카페,실내,11,5,Summer,1;10;12;2;21
2306280010,공간 태리,공간태리,제주특별자치도,식당/카페,실내,11,6,Summer,1;13;2;21;22
2306290001,국본가 보령점,국본가 보령점,인천광역시,식당/카페,실내,11,6,Summer,1;10;11;12;13
2306290002,산방산 탄산온천,산방산탄산온천,제주특별자치도,식당/카페,실내,11,6,Summer,1;10;11;12;13
2306290003,우금,우굼,경기도,식당/카페,실내,11,6,Summer,1;10;11;12;13
2306290004,아쿠아 플라넷 제주,아쿠아플라넷 제주,경기도,식당/카페,실내,11,6,Summer,1;10;11;12;2
2306290005,함덕해수욕장,함덕해수욕장,제주특별자치도,식당/카페,실내,11,6,Summer,1;10;11;12;2
2306290006,강화 남부농협 하나로마트 본점,강화남부농협하나로마트 본점,제주특별자치도,식당/카페,실내,11,6,Summer,1;10;11;12;2
2306290008,BHC치킨 거제 학동몽돌점,BHC치킨 거제학동몽돌점,전라남도,식당/카페,실내,11,5,Summer,1;11;12;2;21
2306290009,거제바다에 특산물 직매장,거제바다애 특산물직매장,전라남도,식당/카페,실내,11,6,Summer,1;11;12;2;21
2306290011,고창 고인돌 박물관,고창고인돌박물관,제주특별자치도,"상업지구(거리, 시장, 쇼핑시설)",실내,4,6,Summer,1;11;12;2;21
2306300001,테왁,테왁,충청남도,식당/카페,실내,11,6,Summer,1;10;11;12;2
2306300002,가락국수 카덴,ICC제주국제컨벤션센터,서울특별시,식당/카페,실내,11,7,Summer,1;10;11;12;2
2306300003,서울숲,서울숲,인천광역시,식당/카페,실내,11,6,Summer,1;10;11;12;13
2306300004,Soin Coffee(소인 커피),518자유공원 5.18자유관,제주특별자치도,식당/카페,실내,11,6,Summer,1;10;11;12;13
2306300005,한라수목원,한라수목원,서울특별시,식당/카페,실내,11,6,Summer,1;10;11;12;13
2306300006,서귀포 매일 올레시장,서귀포매일올레시장,충청남도,식당/카페,실내,11,6,Summer,1;10;11;12;13
2306300009,공산성,공산성,인천광역시,식당/카페,실내,11,6,Summer,1;11;12;13;2
2307010001,함덕 오일시장,함덕오일시장,인천광역시,식당/카페,실내,11,6,Summer,1;10;11;12;13
2307010002,곽지해수욕장,곽지해수욕장,인천광역시,식당/카페,실내,11,6,Summer,1;10;11;12;13
2307010003,게으른 악어,게으른악어,경기도,식당/카페,실내,11,6,Summer,1;10;11;12;13
2307010004,국립생태원,국립생태원,경기도,식당/카페,실내,11,6,Summer,1;10;11;12;13
2307010005,대천해수욕장,곶자왈,경기도,식당/카페,실내,11,6,Summer,1;10;11;12;13
2307010006,카페 스퀘어드,카페스퀘어드,경기도,식당/카페,실내,11,6,Summer,1;10;11;12;13
2307010007,수원시립미술관,수원시립미술관,서울특별시,식당/카페,실내,11,5,Summer,1;10;11;12;13
2307010008,NC백화점 중앙로역점,97도씨 해물칼국수 영종본점,서울특별시,식당/카페,실내,11,5,Summer,1;10;11;12;13
2307010009,BBQ 포천 운천점,검멀레해변,경상북도,식당/카페,실내,11,5,Summer,1;10;11;12;13
2307010010,CGV 불광,CGV불광제1관,인천광역시,식당/카페,실내,11,5,Summer,1;10;12;13;2
2307010012,노벰버,고이정 본점,경상북도,"상업지구(거리, 시장, 쇼핑시설)",실내,4,3,Summer,1;10;12;2;21
2307010013,6.6갈비찜,6.6갈비찜,서울특별시,"상업지구(거리, 시장, 쇼핑시설)",실내,4,3,Summer,1;10;2;21;22
2307010014,교동 크로켓,교동고로케,경상북도,"상업지구(거리, 시장, 쇼핑시설)",실내,4,3,Summer,1;10;12;2;22
2307020001,정방폭포,정방폭포,충청북도,식당/카페,실내,11,6,Summer,1;10;11;12;13
2307020002,일월 수목원,일월수목원,경기도,식당/카페,실내,11,6,Summer,1;10;11;12;13
2307020003,연동,연돈,경기도,식당/카페,실내,11,6,Summer,1;10;11;12;13
2307020004,금오름,금오름,경기도,식당/카페,실내,11,6,Summer,1;10;11;12;13
2307020005,만천하 스카이워크,만천하스카이워크,경기도,식당/카페,실내,11,6,Summer,1;10;11;12;13
2307020006,바이 제주,바이제주,부산광역시,식당/카페,실내,11,6,Summer,1;10;11;12;13
2307020007,5TO7,5TO7,경상북도,식당/카페,실내,11,6,Summer,1;10;11;12;2
2307020009,G 타워 전망대,G타워전망대,경상남도,식당/카페,실내,11,5,Summer,1;10;11;12;2
2307020012,GS25 달서 하이츠점,GS25달서하이츠점,전라북도,자연관광지,실외,1,4,Summer,1;10;11;2;21
2307030001,9.81파크,9.81파크,강원도,식당/카페,실내,11,6,Summer,1;10;11;12;2
2307030002,강화 루지,강화루지,제주특별자치도,식당/카페,실내,11,6,Summer,1;10;11;12;2
2307030003,감곡 매괴 성모 순교성지,감곡매괴 성모순교성지,제주특별자치도,식당/카페,실내,11,6,Summer,1;10;11;12;13
2307030004,18커피 로프터스,180커피로스터스,제주특별자치도,식당/카페,실내,11,6,Summer,1;10;11;12;13
2307030005,CU 금호제주 리조트점,CU 금호제주리조트점,전라북도,식당/카페,실내,11,6,Summer,1;10;11;12;13
2307030006,18커피 로프터스,180커피로스터스,제주특별자치도,식당/카페,실내,11,6,Summer,1;10;11;12;13
2307030007,안도라,안도르,부산광역시,식당/카페,실내,11,6,Summer,1;10;11;12;13
2307030008,sk 렌터카 태안지점,개가게를판다,충청남도,"상업지구(거리, 시장, 쇼핑시설)",실내,4,5,Summer,1;10;11;12;13
2307040001,한담 해안산책로,한담해안산책로,제주특별자치도,식당/카페,실내,11,6,Summer,1;10;11;12;2
2307040002,현대백화점 중동점,현대백화점 중동점,대구광역시,식당/카페,실내,11,6,Summer,1;10;11;12;2
2307040003,9.81파크,9.81파크,전라북도,식당/카페,실내,11,6,Summer,1;10;11;12;2
2307040004,한국만화 박물관,한국만화박물관,제주특별자치도,식당/카페,실내,11,6,Summer,1;10;11;12;2
2307040005,헬로키티 아일랜드,헬로키티아일랜드,제주특별자치도,식당/카페,실내,11,6,Summer,1;10;11;12;2
2307040007,서귀포 매일 올레시장,CGV소풍,제주특별자치도,식당/카페,실내,11,5,Summer,1;10;11;12;2
2307040009,못난이 꽈배기 신시가지점,못난이찹쌀꽈배기2호점,제주특별자치도,"상업지구(거리, 시장, 쇼핑시설)",실내,4,5,Summer,1;10;11;12;2
2307040010,GS25 서귀 신시가지 점,GS25 서귀신시가지점,제주특별자치도,식당/카페,실내,11,6,Summer,1;10;11;12;2
2307050002,정방폭포,정방폭포,제주특별자치도,식당/카페,실내,11,5,Summer,1;10;11;12;2
2307050003,섭지코지,섭지코지,경상북도,식당/카페,실내,11,6,Summer,1;10;11;12;2
2307050004,SK 행복충전 굿모닝 LPG 충전소,SK행복충전 굿모닝LPG충전소,제주특별자치도,식당/카페,실내,11,5,Summer,1;10;11;12;2
2307050005,오설록 티 뮤지엄,오설록티뮤지엄,경상북도,식당/카페,실내,11,5,Summer,1;10;11;12;2
2307050006,서귀포 매일 올레시장,서귀포매일올레시장,제주특별자치도,식당/카페,실내,11,5,Summer,1;10;11;12;2
2307050008,CU 통영 사량도 점,CU통영사량도점,충청남도,식당/카페,실내,11,6,Summer,1;10;11;12;2
2307050009,고향 흑돼지,고향흑돼지,전라북도,식당/카페,실내,11,6,Summer,1;10;11;2;21
2307050011,카멜리아힐,카멜리아힐,제주특별자치도,상점,실내,10,5,Summer,1;12;2;21;22
2307060001,더웨이팅,더웨이팅,제주특별자치도,식당/카페,실내,11,6,Summer,1;10;11;12;2
2307060002,우도,우도,제주특별자치도,식당/카페,실내,11,6,Summer,1;10;11;12;2
2307060003,사려니숲길,BHC치킨 에버랜드점,제주특별자치도,식당/카페,실내,11,6,Summer,1;10;11;12;2
2307060004,성산일출봉,성산일출봉,제주특별자치도,식당/카페,실내,11,6,Summer,1;10;11;12;13
2307060005,NC 웨이브 충장점,CU 여수진남점,서울특별시,식당/카페,실내,11,6,Summer,1;10;11;12;13
2307060006,검멀레해변,검멀레해변,광주광역시,식당/카페,실내,11,5,Summer,1;10;11;12;13
2307060007,CU 리솜포레스트점,경춘선숲길,충청북도,식당/카페,실내,11,5,Summer,1;10;11;12;13
2307060008,공릉동 도깨비시장,공릉동도깨비시장,서울특별시,식당/카페,실내,11,5,Summer,1;10;11;12;13
2307060009,광주 미디어아트플랫폼 G.MAP,광주미디어아트플랫폼 GMAP,전라북도,식당/카페,실내,11,5,Summer,1;11;12;2;21
2307060012,경춘철교,광한루원,서울특별시,"상업지구(거리, 시장, 쇼핑시설)",실내,4,5,Summer,1;11;12;2;21
2307070001,런던 베이글 뮤지엄 제주점,런던베이글뮤지엄 제주점,서울특별시,식당/카페,실내,11,6,Summer,1;10;11;12;13
2307070002,서귀포 매일 올레시장,서귀포매일올레시장,인천광역시,식당/카페,실내,11,6,Summer,1;10;11;12;2
2307070003,금오름,금오름,경기도,식당/카페,실내,11,6,Summer,1;10;11;12;13
2307070004,곽지해수욕장,곽지해수욕장,전라북도,식당/카페,실내,11,6,Summer,1;10;11;12;13
2307070005,협재해수욕장,협재해수욕장,경기도,식당/카페,실내,11,6,Summer,1;10;11;12;13
2307070006,제주동문시장,제주동문시장,세종특별자치시,식당/카페,실내,11,6,Summer,1;10;11;12;2
2307070007,가시 차방국 수,가시아방국수,경기도,식당/카페,실내,11,6,Summer,1;10;11;12;13
2307070008,BBQ 올리브 카페 제부도점,BBQ올리브카페,제주특별자치도,식당/카페,실내,11,6,Summer,1;10;11;12;2
2307070010,CU 제주신화 빌라스점,BHC치킨 제주신화월드점,제주특별자치도,식당/카페,실내,11,6,Summer,1;12;2;21;22
2307080001,AK플라자 광명,AK플라자광명점,제주특별자치도,식당/카페,실내,11,6,Summer,1;10;11;12;13
2307080002,국립중앙박물관,국립중앙박물관,제주특별자치도,식당/카페,실내,11,6,Summer,1;10;11;12;13
2307080003,9.81파크,9.81파크,경기도,식당/카페,실내,11,6,Summer,1;10;11;12;13
2307080004,두물머리,두물머리,경기도,식당/카페,실내,11,6,Summer,1;10;11;12;13
2307080005,두물머리,두물머리,대전광역시,식당/카페,실내,11,6,Summer,1;10;11;12;13
2307080006,단양구경시장,단양구경시장,경기도,식당/카페,실내,11,6,Summer,1;10;11;12;13
2307080007,공주 산성시장,공주산성시장,대전광역시,식당/카페,실내,11,6,Summer,1;10;11;12;13
2307080008,부평 깡통시장,격포항 수산시장,경기도,식당/카페,실내,11,6,Summer,1;10;11;12;13
2307080009,한화생명 이글스 파크,한화생명이글스파크,인천광역시,식당/카페,실내,11,5,Summer,1;10;11;12;13
2307080010,괴산 자연드림파크 Natural dream cafe,금강온천,경기도,식당/카페,실내,11,6,Summer,1;10;12;2;21
2307080011,고기가 가야 할 길,고기가가야할길,제주특별자치도,식당/카페,실내,11,5,Summer,1;10;12;2;22
2307080013,교촌마을,교촌마을,인천광역시,식당/카페,실내,11,6,Summer,1;2;22;23;24
2307080016,전일갑오,전일갑오,경상북도,식당/카페,실내,11,8,Summer,1;22;24;3;6
2307090001,1500회전초밥 은행점,1300회전초밥,충청북도,식당/카페,실내,11,6,Summer,1;10;11;12;13
2307090002,APM 떡볶이,APM떡볶이,충청남도,식당/카페,실내,11,6,Summer,1;10;11;12;13
2307090003,곽지해수욕장,곽지해수욕장,부산광역시,식당/카페,실내,11,6,Summer,1;10;11;12;13
2307090004,광안리해수욕장,광안리해수욕장,부산광역시,식당/카페,실내,11,6,Summer,1;10;11;12;13
2307090005,KFC 노은역점,KFC 노은역점,경기도,식당/카페,실내,11,6,Summer,1;10;11;12;13
2307090006,JD 스포츠 광주 충장로 점,JD스포츠 광주충장로점,강원도,식당/카페,실내,11,5,Summer,1;10;11;12;13
2307090007,Cafe 홍시궁 객리단길 본점,Cafe홍시궁 객리단길 본점,광주광역시,식당/카페,실내,11,5,Summer,1;10;11;12;13
2307090008,YES24 중고서점 수영 F1963점,YES24 중고서점 수영F1963점,경상북도,식당/카페,실내,11,5,Summer,1;10;11;12;2
2307090010,GS25 주문진항구점,GS25,강원도,식당/카페,실내,11,5,Summer,1;10;11;12;2
2307100001,간월암,간월암,제주특별자치도,식당/카페,실내,11,6,Summer,1;10;11;12;2
2307100002,경암동 철길마을,경암동철길마을,제주특별자치도,식당/카페,실내,11,6,Summer,1;10;11;12;2
2307100003,CU 제주 메가리조트점,CU 제주메가리조트점,제주특별자치도,식당/카페,실내,11,6,Summer,1;10;11;12;2
2307100005,감귤 카트,감귤카트,제주특별자치도,식당/카페,실내,11,5,Summer,1;10;11;13;2
2307100007,강릉 중앙시장,강릉중앙시장,제주특별자치도,식당/카페,실내,11,5,Summer,1;2;21;22;23
2307100008,마시와 본점,마시와 본점,제주특별자치도,식당/카페,실내,11,6,Summer,1;10;13;2;21
2307100013,아이스크림 연구소 카페 우도봉,,제주특별자치도,"상업지구(거리, 시장, 쇼핑시설)",실내,4,4,Summer,1;2;3;4;6
2307100014,인어공주 촬영 장소,,제주특별자치도,"역사/유적/종교 시설(문화재, 박물관, 촬영지, 절 등)",실외,2,1,Summer,1;2;3;4;6
2307110002,경포해수욕장,경포해수욕장,충청남도,식당/카페,실내,11,6,Summer,1;10;11;13;2
2307110003,골든베이 골프리조트,골든베이골프&리조트,제주특별자치도,식당/카페,실내,11,6,Summer,1;10;11;13;2
2307110004,가평빠지 썸머플레이스 수상레저,가평빠지썸머플레이스 수상레저,강원도,식당/카페,실내,11,6,Summer,1;10;11;13;2
2307110006,CU 광양 태인 점,CU광양태인점,제주특별자치도,자연관광지,실외,1,5,Summer,1;10;11;2;22
2307110007,GS25 가평 가화로 점,GS25 파주문발사랑점,경기도,식당/카페,실내,11,5,Summer,1;10;11;12;13
2307110008,제주동문시장,제주동문시장,제주특별자치도,자연관광지,실외,1,5,Summer,1;10;11;12;13
2307110009,롯데마트 춘천점,롯데마트 춘천점,강원도,상점,실내,10,4,Summer,1;10;12;13;2
2307120001,우진해장국,우진해장국,경기도,식당/카페,실내,11,6,Summer,1;10;11;12;13
2307120002,골든트리,골든트리,경기도,식당/카페,실내,11,6,Summer,1;10;11;12;13
2307120003,강정천,강정천,경상북도,식당/카페,실내,11,6,Summer,1;10;11;12;2
2307120004,SK 렌터카 제주지점,SK렌터카 제주지점,제주특별자치도,식당/카페,실내,11,5,Summer,1;10;11;12;13
2307120005,943스튜디오,943스튜디오,제주특별자치도,식당/카페,실내,11,5,Summer,1;10;11;12;13
2307120006,가파도엔 아이스크림,가파도엔 아이스크림,서울특별시,식당/카페,실내,11,6,Summer,1;11;12;13;2
2307120008,서귀포 매일 올레시장,서귀포매일올레시장,제주특별자치도,"문화 시설(공연장, 영화관, 전시관 등)",실내,3,6,Summer,1;10;11;12;13
2307120009,CU 제주 유블레스 호텔점,CU제주유블레스호텔점,강원도,식당/카페,실내,11,5,Summer,1;11;12;2;21
2307130001,금능자갈,금능자갈,전라북도,식당/카페,실내,11,6,Summer,1;10;11;12;13
2307130002,판포 포구,판포포구,경상남도,식당/카페,실내,11,6,Summer,1;10;11;12;13
2307130004,PNB 풍년제과 전주역점,PNB풍년제과 전주역점,제주특별자치도,식당/카페,실내,11,6,Summer,1;10;11;12;13
2307130005,궁남지,궁남지,제주특별자치도,식당/카페,실내,11,5,Summer,1;10;11;12;13
2307130011,도두동 무지개 해안도로,,강원도,자연관광지,실외,1,2,Summer,1;2;22;26;27
2307130012,배스킨라빈스 제주 서귀포점,배스킨라빈스31제주서귀포점,제주특별자치도,식당/카페,실내,11,5,Summer,1;2;22;23;3
2307130013,그랜드 하얏트 제주,그랜드하얏트제주,제주특별자치도,"상업지구(거리, 시장, 쇼핑시설)",실내,4,4,Summer,1;2;22;23;3
2307140002,뚱보 아저씨,뚱보아저씨,경기도,식당/카페,실내,11,6,Summer,1;10;11;12;13
2307140003,NAMHAE 정 식당,NAMHAE정식당,경기도,식당/카페,실내,11,6,Summer,1;10;11;12;13
2307140004,오설록 티 뮤지엄,오설록티뮤지엄,경기도,식당/카페,실내,11,6,Summer,1;10;11;12;2
2307140005,3일 한우국밥 홍대 입구점,3일한우국밥 홍대입구점,경기도,식당/카페,실내,11,6,Summer,1;10;12;2;21
2307140006,곱빼기 식당,경기도미술관,강원도,식당/카페,실내,11,5,Summer,1;10;11;12;2
2307140007,12월 22일,12월22일,경상남도,식당/카페,실내,11,6,Summer,1;10;11;12;2
2307140008,리치망고 하도점,리치망고 하도점,대구광역시,식당/카페,실내,11,6,Summer,1;10;11;2;21
2307150002,GS25 수동외방리아점,BHC치킨 에버랜드점,제주특별자치도,식당/카페,실내,11,6,Summer,1;10;11;12;13
2307150003,LG전자 베스트숍 청라점,LG전자베스트샵 청라점,경상남도,식당/카페,실내,11,6,Summer,1;10;11;12;13
2307150004,6.25격전 함안 문안비,(주)동북엘앤알현리점,경상남도,식당/카페,실내,11,6,Summer,1;10;11;12;13
2307150005,BBQ 동대구역점,PNB풍년제과 전주역점,강원도,식당/카페,실내,11,6,Summer,1;10;11;12;13
2307150006,이호 테우해수욕장,이호테우해수욕장,경상남도,식당/카페,실내,11,6,Summer,1;10;11;12;13
2307150007,Los Haus,거평패밀리,강원도,식당/카페,실내,11,6,Summer,1;11;12;2;21
2307150008,ABC마트 GS 명동중앙점,ABC마트 GS명동중앙점,제주특별자치도,식당/카페,실내,11,6,Summer,1;10;11;12;2
2307150011,조이 그레이슨 도산,조이그라이슨 도산,대전광역시,"상업지구(거리, 시장, 쇼핑시설)",실내,4,4,Summer,1;22;23;4;7
2307160001,9.81파크,9.81파크,강원도,식당/카페,실내,11,6,Summer,1;10;11;12;13
2307160002,101닭갈비,GS25 남해송정점,경기도,식당/카페,실내,11,6,Summer,1;10;11;12;13
2307160003,롯데 프리미엄 아웃렛 동부산점,롯데프리미엄아울렛 동부산점,제주특별자치도,식당/카페,실내,11,6,Summer,1;10;11;12;13
2307160004,시만 차,시만차,부산광역시,식당/카페,실내,11,6,Summer,1;10;11;12;13
2307160005,CGV 용산 아이파크몰,CGV 용산아이파크몰,제주특별자치도,식당/카페,실내,11,5,Summer,1;10;11;12;13
2307160006,강릉 중앙시장,강릉중앙시장,제주특별자치도,식당/카페,실내,11,6,Summer,1;10;11;12;13
2307160007,H&M 홍대점,H&M 홍대점,제주특별자치도,식당/카페,실내,11,5,Summer,1;10;12;13;2
2307160009,강릉 중앙시장,강릉중앙시장,서울특별시,식당/카페,실내,11,5,Summer,1;10;12;2;21
2307160010,광치기 해변,광치기해변,서울특별시,식당/카페,실내,11,6,Summer,1;10;12;2;21
2307170001,73st,73st,전라남도,식당/카페,실내,11,6,Summer,1;10;11;12;13
2307170002,해동용궁사,IFC몰,경기도,식당/카페,실내,11,6,Summer,1;10;11;12;13
2307170003,곽지해수욕장,강문해변,경상북도,식당/카페,실내,11,6,Summer,1;10;11;12;13
2307170004,9.81파크,9.81파크,경상북도,식당/카페,실내,11,6,Summer,1;10;11;12;13
2307170005,국립중앙박물관,국립중앙박물관,제주특별자치도,식당/카페,실내,11,6,Summer,1;10;11;12;13
2307170006,검멀레해변,GS칼텍스태진주유소,경기도,식당/카페,실내,11,6,Summer,1;10;11;12;2
2307170007,금돈가,금돈가,대구광역시,식당/카페,실내,11,6,Summer,1;11;12;13;2
2307170011,어서어서,어서어서,제주특별자치도,상점,실내,10,2,Summer,1;2;21;22;23
2307180001,난드르포구,롯데시티호텔제주 씨카페,제주특별자치도,식당/카페,실내,11,6,Summer,1;10;11;12;2
2307180002,CU 제주 김녕해수욕장점,CU,제주특별자치도,식당/카페,실내,11,6,Summer,1;10;11;12;2
2307180005,경복궁 삼계탕 인천 송도점,경복궁삼계탕 인천송도점,서울특별시,식당/카페,실내,11,6,Summer,1;10;11;12;2
2307180009,동방 제주동문시장점,송도센트럴파크,전라남도,기타,혼합,12,3,Summer,1;2;21;22;23
2307190001,논짓물해변,논짓물해변,제주특별자치도,식당/카페,실내,11,5,Summer,1;10;11;2;21
2307190002,강화풍물시장,강화풍물시장,경기도,식당/카페,실내,11,6,Summer,1;10;11;12;2
2307190003,cafe M99,건강과성박물관,경기도,식당/카페,실내,11,6,Summer,1;10;11;12;2
2307190004,CGV 남양주 화도 점,BHC치킨 에버랜드점,경상남도,식당/카페,실내,11,6,Summer,1;10;11;12;2
2307190005,dining F,그믐달셀프스튜디오 평택역점,경기도,식당/카페,실내,11,5,Summer,1;10;11;12;2
2307190006,CU 이호 테우해변점,대청호오백리길 4코스(호반낭만길),제주특별자치도,자연관광지,실외,1,5,Summer,1;11;12;2;21
2307190007,남양주 동부 새마을금고 호평지점,메가박스인천논현,경상남도,식당/카페,실내,11,6,Summer,1;10;11;12;2
2307190011,구석기 역사 공원,구석기역사공원,서울특별시,"역사/유적/종교 시설(문화재, 박물관, 촬영지, 절 등)",실외,2,5,Summer,1;2;21;22;24
2307200001,넥슨 컴퓨터 박물관,넥슨컴퓨터박물관,경기도,식당/카페,실내,11,6,Summer,1;11;12;2;21
2307200002,대전예술의전당,5.16도로숲터널,경상남도,식당/카페,실내,11,7,Summer,1;10;11;12;2
2307200003,경산 동의한방촌 약선 웰빙 뷔페,곽지식당,경상북도,식당/카페,실내,11,6,Summer,1;10;11;12;2
2307200006,강릉 빵 다방 본점,강릉빵다방 본점,서울특별시,식당/카페,실내,11,6,Summer,1;11;12;2;21
2307200007,24시 전주 명가 콩나물국밥 진접점,24시전주명가콩나물국밥 진접점,제주특별자치도,식당/카페,실내,11,6,Summer,1;11;12;2;21
2307200013,별난 아이스 호구포점,,인천광역시,지역 축제/행사,실외,8,5,Summer,1;2;21;22;26
2307210001,거문 오름,사천해변,인천광역시,식당/카페,실내,11,7,Summer,1;11;2;21;22
2307210002,AK플라자 분당,AK플라자 분당점,제주특별자치도,식당/카페,실내,11,6,Summer,1;10;11;12;2
2307210004,성산일출봉,성산일출봉,제주특별자치도,식당/카페,실내,11,6,Summer,1;10;12;2;21
2307210005,GS25 경주백률점,광연이포차,경기도,식당/카페,실내,11,6,Summer,1;11;12;2;21
2307210006,강문해변,먹고정,경기도,식당/카페,실내,11,7,Summer,1;10;11;12;2
2307210007,KSPO 돔,내도음악상가,부산광역시,식당/카페,실내,11,6,Summer,1;10;11;12;2
2307220001,9.81파크,광치기해변,전라남도,식당/카페,실내,11,7,Summer,1;10;12;2;21
2307220002,PPO,가평역 주차장,서울특별시,식당/카페,실내,11,6,Summer,1;10;11;12;13
2307220003,BMW 드라이빙 센터,BMW드라이빙센터,서울특별시,식당/카페,실내,11,6,Summer,1;10;11;12;13
2307220004,AC 호텔 바이 메리어트 서울 강남,AC 호텔 바이 메리어트 서울 강남,경기도,식당/카페,실내,11,6,Summer,1;10;11;12;13
2307220005,석모도 미네랄 온천,석모도미네랄온천,경상북도,식당/카페,실내,11,6,Summer,1;10;11;12;13
2307220006,2NE1,ABC마트 ST김포패션아울렛점,경기도,식당/카페,실내,11,6,Summer,1;10;11;12;13
2307220007,경암동 철길마을,개목나루문화공원 주차장,경기도,식당/카페,실내,11,6,Summer,1;10;11;12;13
2307220008,군산근대역사박물관,고창문화터미널,전라남도,식당/카페,실내,11,6,Summer,1;10;11;12;13
2307220010,대전시립미술관,남해안크루즈관광 미남크루즈,전라남도,식당/카페,실내,11,4,Summer,1;10;13;2;21
2307220015,마카이,,전라남도,식당/카페,실내,11,7,Summer,22;26;28;5;7
2307230001,자매 국수,AC 호텔 바이 메리어트 서울 강남,경기도,식당/카페,실내,11,6,Summer,1;10;11;12;2
2307230002,KFC 미사역점,KFC 미사역점,경기도,식당/카페,실내,11,6,Summer,1;10;11;12;2
2307230003,2023순천만국제정원박람회,CU신안안좌점,경기도,식당/카페,실내,11,6,Summer,1;10;11;12;2
2307230004,광천 식당,국립중앙과학관,인천광역시,식당/카페,실내,11,6,Summer,1;10;11;12;2
2307230005,강릉에 컷,2001아울렛 구로점,인천광역시,식당/카페,실내,11,6,Summer,1;10;11;12;2
2307230009,맥도날드 여수 학동 DT 점,맥도날드 여수학동DT점,제주특별자치도,식당/카페,실내,11,5,Summer,1;2;21;22;23
2307240001,GS25 남해대교점,GS25 남해대교점,강원도,식당/카페,실내,11,6,Summer,1;12;2;21;22
2307240002,국립현대미술관 서울관,국립현대미술관 서울관,경기도,식당/카페,실내,11,6,Summer,1;12;2;21;22
2307240003,고래 배꼽 본점,고래배꼽 본점,인천광역시,식당/카페,실내,11,6,Summer,1;12;2;21;22
2307240004,검멀레해변,검멀레해변,제주특별자치도,식당/카페,실내,11,6,Summer,1;12;2;21;22
2307240006,CU 제주 협재점,CU제주협재점,제주특별자치도,식당/카페,실내,11,6,Summer,1;10;2;21;22
2307250001,국립아시아문화전당,국립아시아문화전당,대구광역시,식당/카페,실내,11,6,Summer,1;10;12;2;21
2307250002,가는 곶 세화,가는곶 세화,대구광역시,식당/카페,실내,11,6,Summer,1;10;12;13;2
2307250006,오설록 티 뮤지엄,오설록티뮤지엄,경상북도,"상업지구(거리, 시장, 쇼핑시설)",실내,4,5,Summer,1;10;12;13;2
2307250007,카멜리아힐,카멜리아힐,경기도,식당/카페,실내,11,6,Summer,1;10;12;13;2
2307250008,낙강 물길 공원,미친부엌,강원도,"역사/유적/종교 시설(문화재, 박물관, 촬영지, 절 등)",실외,2,5,Summer,1;10;12;13;2
2307250010,GS25 오션 투 유리조트 점,GS25 오션투유리조트점,경상북도,상점,실내,10,4,Summer,1;10;12;13;2
2307250011,경기전,,경상남도,자연관광지,실외,1,6,Summer,1;12;13;2;21
2307260002,감천문화마을,감천문화마을,경기도,"상업지구(거리, 시장, 쇼핑시설)",실내,4,5,Summer,1;10;11;12;13
2307260003,가마 피자,BHC치킨 에버랜드점,경기도,식당/카페,실내,11,6,Summer,1;10;12;13;2
2307260004,CU 평택 애경역사점,CU,경상남도,식당/카페,실내,11,6,Summer,1;10;11;12;13
2307260005,GS25 음봉 로드점,GS25음봉로드점,경상남도,식당/카페,실내,11,6,Summer,1;10;12;13;2
2307260006,오설록 티 뮤지엄,구이,전라북도,식당/카페,실내,11,5,Summer,1;12;13;2;21
2307260007,금오름,고이정 본점,경상남도,식당/카페,실내,11,6,Summer,1;10;12;13;2
2307260008,고소한 식물원,고소한식물원,전라북도,식당/카페,실내,11,5,Summer,1;12;13;2;21
2307260009,세븐일레븐 대전 중리 본점,세븐일레븐 대전중리본점,전라북도,상점,실내,10,4,Summer,1;12;13;2;21
2307270002,우진해장국,우진해장국,경상남도,식당/카페,실내,11,7,Summer,1;10;12;13;2
2307270003,겐트 베이커리 대전점,드르니국수 철원 본점,경상남도,식당/카페,실내,11,6,Summer,1;10;11;12;13
2307270005,AK플라자 원주,AK플라자 원주점,대전광역시,식당/카페,실내,11,6,Summer,1;11;12;13;2
2307270007,노형 수산시장,마가렛 연남,경기도,식당/카페,실내,11,6,Summer,1;12;13;2;21
2307270009,People,밤수지맨드라미,제주특별자치도,상점,실내,10,5,Summer,1;2;21;22;23
2307270010,달사막,달사막,제주특별자치도,식당/카페,실내,11,4,Summer,1;2;21;22;23
2307270015,아줄레주,아줄레주,대전광역시,식당/카페,실내,11,2,Summer,1;2;21;22;23
2307280002,뽀로로 앤 타요 테마파크 제주,JW메리어트제주 아일랜드키친,경상남도,식당/카페,실내,11,6,Summer,1;10;11;2;21
2307280003,CGV 거제,CGV거제1관,충청남도,식당/카페,실내,11,6,Summer,1;10;11;12;13
2307280004,CU 제주 중문점,CU제주중문점,경상북도,식당/카페,실내,11,6,Summer,1;10;11;12;2
2307280006,GS칼텍스 해와 달 주유소,GS칼텍스 해와달주유소,대전광역시,식당/카페,실내,11,6,Summer,1;10;11;13;2
2307280008,24시 한뚝수유국밥 수송점,CGV,전라북도,식당/카페,실내,11,5,Summer,1;2;21;22;23
2307280010,다이소 음성 혁신도시점,다이소 음성혁신도시점,서울특별시,식당/카페,실내,11,5,Summer,1;21;22;23;24
2307290001,JW 메리어트 제주 아일랜드 키친,JW메리어트제주 아일랜드키친,경상북도,식당/카페,실내,11,7,Summer,1;10;11;12;13
2307290002,JW 메리어트 제주리조트 스파,곤륜산,충청남도,식당/카페,실내,11,6,Summer,1;10;11;12;2
2307290003,대천해수욕장,2001아울렛 구로점,서울특별시,식당/카페,실내,11,6,Summer,1;10;11;12;13
2307290004,CU 삼송 소공원 ,2001아울렛 구로점,경기도,식당/카페,실내,11,6,Summer,1;10;11;12;13
2307290005,인천 차이나타운,2001아울렛 구로점,경기도,식당/카페,실내,11,6,Summer,1;10;11;12;13
2307290006,ICC 제주국제컨벤션센터,갤러리아백화점 광교점,충청남도,식당/카페,실내,11,6,Summer,1;10;11;12;13
2307290007,CU 당진시청광장점,CU 당진시청광장점,제주특별자치도,식당/카페,실내,11,6,Summer,1;10;11;12;13
2307290008,광안리해수욕장,경기전,경기도,식당/카페,실내,11,6,Summer,1;10;11;12;13
2307290009,GS25 성수공원점,GS25성수공원점,전라남도,식당/카페,실내,11,6,Summer,1;10;11;12;13
2307290010,경주 중앙시장,경주중앙시장,전라북도,식당/카페,실내,11,5,Summer,1;10;11;12;2
2307290011,광장시장,광장시장,인천광역시,식당/카페,실내,11,4,Summer,1;10;11;12;2
2307290013,발랄한 맥주,스타벅스 경동1960점,전라북도,식당/카페,실내,11,5,Summer,1;10;12;2;21
2307300001,JW 메리어트 제주 아일랜드 키친,BHC치킨,서울특별시,식당/카페,실내,11,6,Summer,1;10;11;12;13
2307300002,24시 전주 명가 콩나물국밥 관평점,2001아울렛 구로점,제주특별자치도,식당/카페,실내,11,6,Summer,1;10;11;12;13
2307300003,5.18민주화운동기록관, 신세계백화점 센텀시티점,서울특별시,식당/카페,실내,11,6,Summer,1;10;11;12;13
2307300004,1059-3 Coffee House,1059-3 Coffee House,전라남도,식당/카페,실내,11,6,Summer,1;10;11;12;13
2307300005,강화산성 남문,2001아울렛 구로점,경기도,식당/카페,실내,11,5,Summer,1;10;11;12;2
2307300006,객사길,(재)영화의전당,인천광역시,식당/카페,실내,11,6,Summer,1;10;11;12;2
2307300007,공간 와디즈, 신세계백화점 센텀시티점,강원도,식당/카페,실내,11,5,Summer,1;10;11;12;2
2307300008,T 팩토리,2001아울렛 구로점,강원도,식당/카페,실내,11,5,Summer,1;10;11;12;2
2307300009,광안리해수욕장,2001아울렛 구로점,서울특별시,식당/카페,실내,11,5,Summer,1;10;11;12;2
2307300010,GS25 용산점,GS25 용산점,서울특별시,자연관광지,실외,1,5,Summer,1;10;11;2;21
2307300011,강릉항 회 센터,강릉항회센터,전라북도,식당/카페,실내,11,7,Summer,1;11;2;21;22
2307310001,제주동문시장,4233마음센터,강원도,식당/카페,실내,11,6,Summer,1;10;11;12;2
2307310002,CGV 동수원,2001아울렛 구로점,강원도,식당/카페,실내,11,6,Summer,1;10;11;12;2
2307310003,오동도,오동도,강원도,식당/카페,실내,11,5,Summer,1;10;11;12;2
2307310004,고수동굴,2001아울렛 구로점,경상남도,식당/카페,실내,11,5,Summer,1;10;11;12;2
2307310005,9.81파크,9.81파크,강원도,식당/카페,실내,11,6,Summer,1;10;11;12;2
2307310006,GS칼텍스 GS 사이언스 주유소,GS칼텍스 GS사이언스주유소,인천광역시,식당/카페,실내,11,5,Summer,1;10;11;12;2
2307310007,가평 조은 마트,S-OIL관광주유소,인천광역시,식당/카페,실내,11,5,Summer,1;10;12;2;21
2307310008,나뭇잎 마을,나뭇잎마을,경기도,식당/카페,실내,11,5,Summer,1;11;12;2;21
2307310009,광난두정자각,광난두정자각,강원도,식당/카페,실내,11,5,Summer,1;11;12;2;21
2307310011,객사길,객사길,경기도,"상업지구(거리, 시장, 쇼핑시설)",실내,4,5,Summer,2;22;24;26;27
2307310012,기름아가리,깔루아,경기도,자연관광지,실외,1,5,Summer,1;2;22;23;24
2307310013,광난두정자각,광난두정자각,서울특별시,자연관광지,실외,1,5,Summer,1;2;22;23;24
2307310014,돼지 가든,에버랜드 Evertopia,경기도,"테마시설(놀이공원, 워터파크)",실내,6,6,Summer,2;22;24;28;4
2308010001,고국수,고국수,경상남도,식당/카페,실내,11,6,Summer,1;10;11;2;21
2308010002,CU 더 퍼스트 호텔점,CU 더퍼스트호텔점,경상남도,식당/카페,실내,11,6,Summer,1;10;11;12;2
2308010003,협재해수욕장,협재해수욕장,경기도,식당/카페,실내,11,6,Summer,1;10;11;12;2
2308010004,고양 피크닉 시민공원,금능포구,강원도,식당/카페,실내,11,6,Summer,1;10;11;12;2
2308010005,가평 레일파크,가평레일파크,경기도,식당/카페,실내,11,6,Summer,1;10;11;12;2
2308010006,9.81파크,2001아울렛 구로점,인천광역시,식당/카페,실내,11,6,Summer,1;10;11;12;2
2308010007,가평군 어린이 음악 놀이터,가평군어린이음악놀이터,대전광역시,식당/카페,실내,11,5,Summer,1;10;11;12;2
2308010008,개 배 선착장,갯배선착장,전라북도,식당/카페,실내,11,6,Summer,1;10;11;12;2
2308010010,고소동 벽화마을,꾸옥,경기도,식당/카페,실내,11,5,Summer,1;10;11;12;2
2308010012,CU 동해 천곡공원점,CU동해천곡공원점,인천광역시,자연관광지,실외,1,2,Summer,1;22;23;24;26
2308010017,바다를 본 돼지 제주 서귀포올레시장점,바다를본돼지 제주서귀포점,인천광역시,자연관광지,실외,1,6,Summer,1;22;23;24;28
2308010018,배스킨라빈스 제주 서귀포점,배스킨라빈스31제주서귀포점,인천광역시,자연관광지,실외,1,2,Summer,1;22;23;24;28
2308010019,호수 꼬치,,인천광역시,식당/카페,실내,11,8,Summer,24;28;4
2308020001,강이다,강이다,충청남도,식당/카페,실내,11,6,Summer,1;10;11;12;2
2308020002,경주 문무대왕릉,경주문무대왕릉,인천광역시,식당/카페,실내,11,6,Summer,1;10;11;12;13
2308020003,감포해수욕장,2001아울렛 구로점,제주특별자치도,식당/카페,실내,11,5,Summer,1;10;11;12;13
2308020004,Pollux coffee,2001아울렛 구로점,강원도,식당/카페,실내,11,5,Summer,1;10;11;12;13
2308020005,gs25 반포 사랑점,2001아울렛 구로점,서울특별시,식당/카페,실내,11,6,Summer,1;10;11;12;13
2308020006,88생선 구이,88생선구이,서울특별시,식당/카페,실내,11,5,Summer,1;10;11;12;13
2308020007,BBQ 치킨,BBQ치킨,경기도,식당/카페,실내,11,5,Summer,1;10;11;12;13
2308020008,CU 신안 자은 라마다 점,CU 신안자은라마다점,강원도,식당/카페,실내,11,5,Summer,1;10;11;12;13
2308020010,동궁과 월지,동궁과월지,대구광역시,자연관광지,실외,1,5,Summer,1;10;13;2;21
2308020011,G 타워 전망대,G타워전망대,인천광역시,식당/카페,실내,11,4,Summer,1;10;2;21;22
2308030001,가야포차선지국밥 서면 전포점,가야포차선지국밥 서면전포점,강원도,식당/카페,실내,11,6,Summer,1;10;11;12;13
2308030002,Apple 강남,Apple 강남,서울특별시,식당/카페,실내,11,6,Summer,1;10;11;12;13
2308030003,AK플라자 홍대,AK플라자 홍대,경기도,식당/카페,실내,11,6,Summer,1;10;11;12;13
2308030004,더 현대 서울,더현대서울,경기도,식당/카페,실내,11,5,Summer,1;10;11;12;13
2308030005,고사리 커피,고사리커피,경기도,식당/카페,실내,11,6,Summer,1;10;11;12;13
2308030006,H 샌드위치,H샌드위치,경기도,식당/카페,실내,11,5,Summer,1;10;12;13;2
2308030007,개평한옥마을,2001아울렛 구로점,제주특별자치도,식당/카페,실내,11,6,Summer,1;10;12;13;2
2308030009,속초관광수산시장,속초관광수산시장,경상남도,식당/카페,실내,11,5,Summer,1;10;2;21;22
2308030011,(주) 제주는 랑 제주고씨네,CU종로5가점,제주특별자치도,"상업지구(거리, 시장, 쇼핑시설)",실내,4,5,Summer,1;10;2;21;22
2308030012,동궁과 월지,동궁과월지,서울특별시,자연관광지,실외,1,4,Summer,1;2;22;23;26
2308040002,오설록 티 뮤지엄,오설록 티뮤지엄,제주특별자치도,식당/카페,실내,11,6,Summer,1;10;11;12;13
2308040003,감성돌 제주 협재점,감성돈 제주협재점,경기도,식당/카페,실내,11,5,Summer,1;10;11;12;2
2308040004,가든이다, 신세계백화점 센텀시티점,경기도,식당/카페,실내,11,6,Summer,1;10;11;12;2
2308040005,AK플라자 홍대,AK플라자 홍대,경기도,식당/카페,실내,11,6,Summer,1;10;12;2;21
2308040008,KBS 본관,KBS 본관,서울특별시,식당/카페,실내,11,4,Summer,1;10;12;2;21
2308040012,강화풍물시장,강화풍물시장,대전광역시,"상업지구(거리, 시장, 쇼핑시설)",실내,4,4,Summer,1;12;2;22;24
2308050002,광한루원,광한루원,인천광역시,식당/카페,실내,11,6,Summer,1;10;11;12;13
2308050003,CGV 청주,CGV 청주,경상북도,식당/카페,실내,11,6,Summer,1;10;11;12;13
2308050004,보문사,보문사,서울특별시,식당/카페,실내,11,6,Summer,1;10;11;12;13
2308050005,CU 진천 초평 가든점,(주)장보고식자재마트(감삼점),경상남도,식당/카페,실내,11,6,Summer,1;10;11;12;13
2308050006,ONE 아트, 신세계백화점 센텀시티점,전라북도,식당/카페,실내,11,6,Summer,1;10;11;12;13
2308050007,해운대해수욕장,2001아울렛 구로점,충청북도,식당/카페,실내,11,6,Summer,1;10;11;12;13
2308050008,APM 떡볶이,APM떡뽂이,인천광역시,"상업지구(거리, 시장, 쇼핑시설)",실내,4,5,Summer,1;10;11;12;13
2308050009,1938맨션,1938맨션,서울특별시,식당/카페,실내,11,5,Summer,1;10;11;12;2
2308050010,강원랜드,강원랜드,충청북도,"역사/유적/종교 시설(문화재, 박물관, 촬영지, 절 등)",실외,2,5,Summer,1;10;11;12;2
2308050011,광안리해수욕장,광안리해수욕장,대전광역시,식당/카페,실내,11,4,Summer,1;12;2;21;22
2308060001,강릉시 안현동 산 61-3,2001아울렛 구로점,강원도,식당/카페,실내,11,6,Summer,1;10;11;12;13
2308060002,H 에비뉴 광안리 해변점,2001아울렛 구로점,경상남도,식당/카페,실내,11,6,Summer,1;10;11;12;13
2308060003,제주동문시장,제주동문시장,강원도,식당/카페,실내,11,6,Summer,1;10;11;12;13
2308060004,1964백 미당 신라스테이 부산점,2001아울렛 구로점,제주특별자치도,식당/카페,실내,11,6,Summer,1;10;11;12;13
2308060005,죽녹원,죽녹원,부산광역시,식당/카페,실내,11,6,Summer,1;10;11;12;2
2308060006,NC백화점 서면점,NC백화점 서면점,강원도,식당/카페,실내,11,5,Summer,1;10;11;12;13
2308060007,ZARA 트리플 스트리트점,zara 트리플스트리트점,강원도,식당/카페,실내,11,5,Summer,1;10;11;12;2
2308070001,9.81파크,9.81파크,강원도,식당/카페,실내,11,6,Summer,1;10;11;12;2
2308070002,노티스 제주,단양 금굴구석기유적지,강원도,식당/카페,실내,11,6,Summer,1;10;11;12;2
2308070004,1938맨션,1938맨션,강원도,식당/카페,실내,11,6,Summer,1;10;11;12;2
2308070005,강릉 중앙시장,강릉중앙시장,경상남도,"상업지구(거리, 시장, 쇼핑시설)",실내,4,6,Summer,1;10;12;2;21
2308070006,숙성도 중문점,숙성도 중문점,대구광역시,식당/카페,실내,11,6,Summer,1;10;12;2;21
2308080001,그랑깨,그랑깨,경상남도,식당/카페,실내,11,6,Summer,1;10;12;2;21
2308080002,강원옥,강원옥,경상남도,식당/카페,실내,11,5,Summer,1;10;12;2;21
2308080003,쇠소깍,쇠소깍,경상남도,자연관광지,실외,1,6,Summer,1;10;12;2;21
2308080005,김명자 낙지마당 양수리점,김명자낙지마당 양수리점,경상북도,식당/카페,실내,11,6,Summer,1;10;12;2;21
2308080006,함덕해수욕장,함덕해수욕장,대전광역시,자연관광지,실외,1,5,Summer,1;10;12;2;21
2308080008,대강회 직판장,대전신세계 아트앤사이언스,경상북도,"상업지구(거리, 시장, 쇼핑시설)",실내,4,6,Summer,1;10;12;2;21
2308090001,경주 샌드,경주샌드,경상북도,식당/카페,실내,11,5,Summer,1;10;12;2;21
2308090003,금오름,2001아울렛 구로점,경상북도,식당/카페,실내,11,5,Summer,1;12;2;21;22
2308090004,가배도 코엑스점,가배도 코엑스점,경상북도,식당/카페,실내,11,5,Summer,1;10;12;2;21
2308090008,G마트 주차장,G마트 주차장,대전광역시,식당/카페,실내,11,5,Summer,1;2;22;23;26
2308100002,교리 김밥 경주 본점,교리김밥 경주본점,전라남도,식당/카페,실내,11,6,Summer,1;10;11;12;2
2308100003,경기전,경기전,서울특별시,식당/카페,실내,11,6,Summer,1;10;11;12;13
2308100004,경주 동궁원,2001아울렛 구로점,경기도,식당/카페,실내,11,6,Summer,1;10;11;12;2
2308100005,계동치킨 나주혁신점,계동치킨 나주혁신점,경상북도,식당/카페,실내,11,7,Summer,1;10;11;12;2
2308110002,강릉 대도호부 관아,강릉대도호부 관아,경기도,식당/카페,실내,11,6,Summer,1;10;11;12;13
2308110003,24시 오아시스 찜질방,24시 오아시스찜질방,경상북도,식당/카페,실내,11,6,Summer,1;10;11;12;13
2308110004,가마골,가마골,전라북도,식당/카페,실내,11,6,Summer,1;10;11;12;13
2308110005,국군복지단 포천 푸르미 마트,국군복지단 포천푸르미마트,경기도,식당/카페,실내,11,6,Summer,1;10;11;12;13
2308110006,63아트,63아트,경기도,식당/카페,실내,11,6,Summer,1;10;11;12;13
2308110007,함덕해수욕장,함덕해수욕장,부산광역시,식당/카페,실내,11,6,Summer,1;10;11;12;13
2308110008,걸리버 막창 종로 직영점,걸리버막창 종로직영점,제주특별자치도,식당/카페,실내,11,6,Summer,1;11;12;13;2
2308110009,경암 역,경암역,전라북도,식당/카페,실내,11,5,Summer,1;11;12;13;2
2308110010,경기전,경기전,경기도,"역사/유적/종교 시설(문화재, 박물관, 촬영지, 절 등)",실외,2,5,Summer,1;11;12;13;2
2308110011,가봉 방과,가봉반과,광주광역시,식당/카페,실내,11,6,Summer,1;11;13;2;21
2308110013,료미,료미,경상북도,자연관광지,실외,1,6,Summer,2;21;22;24;26
2308110015,황박사경주쫀듸기,황박사경주쫀듸기,경상북도,상점,실내,10,1,Summer,21;24;28;3;4
2308110017,황리단쫀듸기,황리단쫀듸기,경상북도,상점,실내,10,1,Summer,21;24;28;3;4
2308120002,CGV 화성 봉담,국립중앙박물관,부산광역시,식당/카페,실내,11,6,Summer,1;10;11;12;13
2308120003,EL16.52,2001아울렛 구로점,경기도,식당/카페,실내,11,6,Summer,1;10;11;12;13
2308120004,K-water 소양강댐 물 문화관,K-water 소양강댐물문화관,부산광역시,식당/카페,실내,11,6,Summer,1;10;11;12;13
2308120005,AK& 기흥,2001아울렛 구로점,경기도,식당/카페,실내,11,6,Summer,1;10;11;12;13
2308120006,AK 푸드홀, 신세계백화점 센텀시티점,경기도,식당/카페,실내,11,6,Summer,1;10;11;12;13
2308120007,국립중앙박물관,국립중앙박물관,경기도,식당/카페,실내,11,6,Summer,1;10;11;12;13
2308120008,948키친 플러스 송천점,2001아울렛 구로점,제주특별자치도,식당/카페,실내,11,5,Summer,1;10;11;12;13
2308120009,금오름,2001아울렛 구로점,경상남도,식당/카페,실내,11,5,Summer,1;10;11;12;13
2308120010,bd 버거 성수,BHC치킨,대전광역시,식당/카페,실내,11,6,Summer,1;10;11;12;13
2308130001,1971카페,1971카페,경기도,식당/카페,실내,11,6,Summer,1;10;11;12;13
2308130002,롯데 프리미엄 아울렛 타임 빌라스,롯데프리미엄아울렛 타임빌라스,경상북도,식당/카페,실내,11,6,Summer,1;10;11;12;13
2308130003,대전중앙시장,대전중앙시장,경기도,식당/카페,실내,11,6,Summer,1;10;11;12;13
2308130004,전주한옥마을,전주한옥마을,강원도,식당/카페,실내,11,6,Summer,1;10;11;12;13
2308130005,CU 제주 삼광 충전소점,2001아울렛 구로점,강원도,식당/카페,실내,11,6,Summer,1;10;11;12;13
2308130006,Dmz lounge,Dmz lounge,경기도,식당/카페,실내,11,6,Summer,1;10;11;12;13
2308130007,서귀포 매일 올레시장,서귀포매일올레시장,전라남도,식당/카페,실내,11,6,Summer,1;10;11;12;13
2308130008,광진 해변,2001아울렛 구로점,경상북도,식당/카페,실내,11,6,Summer,1;10;11;12;13
2308130010,동문 헌책 도서관,동문헌책도서관,제주특별자치도,"상업지구(거리, 시장, 쇼핑시설)",실내,4,6,Summer,1;10;11;12;13
2308130011,고기 극찬 통영점,광안리해수욕장,경상남도,식당/카페,실내,11,5,Summer,1;10;11;12;2
2308140001,1919봄,1919봄,대전광역시,식당/카페,실내,11,6,Summer,1;10;11;12;13
2308140002,죽녹원,죽녹원,경상남도,식당/카페,실내,11,6,Summer,1;10;11;12;13
2308140003,88버거,88버거,경기도,식당/카페,실내,11,6,Summer,1;10;11;12;13
2308140004,씨엘이 베이커리 본점,씨엘비베이커리 명륜동본점,강원도,식당/카페,실내,11,6,Summer,1;10;11;12;13
2308140005,"격포해수욕장, 채석강",2001아울렛 구로점,전라북도,식당/카페,실내,11,6,Summer,1;10;11;12;13
2308140006,346커피스토리,(주)츄로원오원츄로101홍대본점,경기도,식당/카페,실내,11,6,Summer,1;10;11;12;13
2308140007,감포 통닭,2001아울렛 구로점,경상남도,식당/카페,실내,11,5,Summer,1;10;11;12;13
2308140008,강동 몽돌해변,강동몽돌해변,제주특별자치도,식당/카페,실내,11,6,Summer,1;10;11;12;13
2308140009,GS25 뉴 군산 장미점,객사길,전라북도,식당/카페,실내,11,5,Summer,1;10;12;13;2
2308140010,AK플라자 홍대,AK플라자 홍대,강원도,식당/카페,실내,11,6,Summer,1;10;11;12;13
2308140011,경의선 책거리,경의선책거리,경상북도,식당/카페,실내,11,5,Summer,1;10;11;12;2
2308150001,GS25 대천머드점,2001아울렛 구로점,전라남도,식당/카페,실내,11,6,Summer,1;10;11;12;13
2308150002,PS 파스타,2001아울렛 구로점,서울특별시,식당/카페,실내,11,6,Summer,1;10;11;12;13
2308150003,가시리 국산화 풍력발전 단지,2001아울렛 구로점,제주특별자치도,식당/카페,실내,11,6,Summer,1;10;11;12;13
2308150004,성심당 본점,성심당 본점,서울특별시,식당/카페,실내,11,6,Summer,1;10;11;12;13
2308150005,환호공원 스페이스 워크,환호공원 스페이스워크,경기도,식당/카페,실내,11,6,Summer,1;10;11;12;13
2308150006,운암정 한옥 베이커리 카페 전통 주점,2001아울렛 구로점,제주특별자치도,식당/카페,실내,11,6,Summer,1;10;11;12;13
2308150007,대룡시장,대룡시장,부산광역시,식당/카페,실내,11,6,Summer,1;10;11;12;13
2308150009,고려대학교 낙산 수련관,광주기아챔피언스필드,강원도,식당/카페,실내,11,5,Summer,1;12;13;2;21
2308150010,두툼한 고기돈돼지,두툼한고기돈돼지,울산광역시,식당/카페,실내,11,7,Summer,1;12;13;2;22
2308150011,BTS 버스정류장,BTS 버스정류장,제주특별자치도,자연관광지,실외,1,5,Summer,12;2;22;23;24
2308150012,씽씽 전기자전거,씽씽전기자전거,강원도,자연관광지,실외,1,5,Summer,1;22;23;25;26
2308160001,계곡,2001아울렛 구로점,충청북도,식당/카페,실내,11,6,Summer,1;10;11;12;13
2308160002,매미성,매미성,전라남도,식당/카페,실내,11,6,Summer,1;10;11;12;13
2308160003,구룡포 일본인 가옥거리,구룡포일본인가옥거리,경상남도,식당/카페,실내,11,6,Summer,1;10;11;12;13
2308160004,1994다이닝,1994다이닝,광주광역시,식당/카페,실내,11,6,Summer,1;10;11;12;13
2308160005,제주동문시장,제주동문시장,전라남도,식당/카페,실내,11,6,Summer,1;10;11;12;13
2308160006,이순신광장,이순신광장,경상북도,식당/카페,실내,11,6,Summer,1;10;11;12;13
2308160007,CU 제주 설촌 노점,2001아울렛 구로점,강원도,식당/카페,실내,11,5,Summer,1;11;12;13;2
2308160008,오동도,오동도,대전광역시,식당/카페,실내,11,5,Summer,1;10;11;12;13
2308160009,SK 렌터카 여수지점,SK렌터카 여수지점,대구광역시,식당/카페,실내,11,5,Summer,1;12;2;21;22
2308160010,여수 해상 케이블카,여수해상케이블카,대구광역시,식당/카페,실내,11,4,Summer,1;12;2;21;22
2308160012,구룡포해수욕장,구룡포해수욕장,강원도,식당/카페,실내,11,5,Summer,1;12;2;21;22
2308170001,J611 제트스키,2001아울렛 구로점,전라남도,식당/카페,실내,11,6,Summer,1;10;11;12;13
2308170002,이호 테우해수욕장,이호테우해수욕장,부산광역시,식당/카페,실내,11,6,Summer,1;10;11;12;13
2308170003,CGV 광교, 신세계백화점 센텀시티점,제주특별자치도,식당/카페,실내,11,6,Summer,1;10;11;12;2
2308170004,Cafe 홍시궁 객리단길 본점,2001아울렛 구로점,경기도,식당/카페,실내,11,5,Summer,1;10;11;12;13
2308170005,5.18민주화운동 기록관,5.18민주화운동기록관,경상북도,식당/카페,실내,11,5,Summer,1;10;11;12;13
2308170006,서귀포 매일 올레시장,서귀포매일올레시장,제주특별자치도,식당/카페,실내,11,6,Summer,1;10;11;12;2
2308170007,Bar le (인피니티 풀 사이드바),Bar le (인피니티풀 사이드바),강원도,식당/카페,실내,11,5,Summer,1;10;11;12;13
2308170008,경포해수욕장,경포해수욕장,제주특별자치도,식당/카페,실내,11,5,Summer,1;10;11;12;2
2308170009,CU 돌산 금봉점,CU 돌산금봉점,경상북도,식당/카페,실내,11,5,Summer,1;10;11;12;13
2308170016,오채,오채,부산광역시,식당/카페,실내,11,7,Summer,22;26
2308180001,2023순천만국제정원박람회,2001아울렛 구로점,경상북도,식당/카페,실내,11,6,Summer,1;10;11;12;13
2308180002,BTS 버스정류장,2001아울렛 구로점,제주특별자치도,식당/카페,실내,11,6,Summer,1;10;11;12;13
2308180003,여수세계박람회 스카이타워,여수세계박람회 스카이타워,경상남도,식당/카페,실내,11,6,Summer,1;10;11;12;13
2308180004,수목원길 야시장,2001아울렛 구로점,경기도,식당/카페,실내,11,6,Summer,1;10;11;12;13
2308180005,금능해수욕장,금능해수욕장,제주특별자치도,식당/카페,실내,11,6,Summer,1;10;11;12;13
2308180006,함덕해수욕장,함덕해수욕장,전라북도,식당/카페,실내,11,6,Summer,1;10;11;12;13
2308180007,강릉 월화 거리,강릉월화거리,경기도,식당/카페,실내,11,6,Summer,1;10;11;12;13
2308180008,경주계림,경주계림,서울특별시,자연관광지,실외,1,5,Summer,1;10;11;12;13
2308180011,CU 제주함덕서우봉점,CU 제주함덕서우봉점,제주특별자치도,식당/카페,실내,11,5,Summer,1;11;12;13;2
2308180012,Confetti 콘페리 (파르나스 호텔 뷔페),Confetti 콘페티 (파르나스 호텔 뷔페),전라남도,식당/카페,실내,11,5,Summer,1;11;12;13;2
2308180013,경주 중앙시장,경주중앙시장,제주특별자치도,"상업지구(거리, 시장, 쇼핑시설)",실내,4,8,Summer,1;12;21;22;23
2308180014,폰드 메르,폰드메르,제주특별자치도,식당/카페,실내,11,8,Summer,1;21;22;23;5
2308190001,다정이네 올레시장 본점,다정이네 올레시장본점,강원도,식당/카페,실내,11,6,Summer,1;10;11;12;13
2308190002,낙산사,2001아울렛 구로점,강원도,식당/카페,실내,11,7,Summer,1;10;11;12;13
2308190003,곽지해수욕장,2001아울렛 구로점,경상북도,식당/카페,실내,11,6,Summer,1;10;11;12;13
2308190004,아쿠아 플라넷 제주,아쿠아플라넷 제주,강원도,식당/카페,실내,11,6,Summer,1;10;11;12;13
2308190005,속초관광수산시장,속초관광수산시장,서울특별시,식당/카페,실내,11,6,Summer,1;10;11;12;13
2308190006,경기전,경기전,제주특별자치도,식당/카페,실내,11,6,Summer,1;10;11;12;13
2308190007,분당중앙공원,중앙공원,강원도,식당/카페,실내,11,6,Summer,1;10;11;12;13
2308190008,서귀포 매일 올레시장,서귀포매일올레시장,서울특별시,식당/카페,실내,11,6,Summer,1;10;11;12;13
2308190009,23번 자매 실내 마차,23번자매실내마차,제주특별자치도,식당/카페,실내,11,6,Summer,1;10;11;12;13
2308190010,23번 포장마차,23번포장마차,강원도,식당/카페,실내,11,6,Summer,1;11;12;13;2
2308190011,강릉 월화 거리,강릉월화거리,충청북도,식당/카페,실내,11,5,Summer,1;11;12;13;2
2308190012,디피랑,디피랑,경기도,"산책로, 둘레길 등",실외,7,5,Summer,1;11;12;13;2
2308190014,1도씨 맥주,왕가탕후루 전주객사점,대전광역시,상점,실내,10,3,Summer,1;13;2;21;22
2308200001,유월드 루지 테마파크,유월드루지테마파크,경기도,식당/카페,실내,11,6,Summer,1;10;11;12;13
2308200002,이순신광장,이순신광장,강원도,식당/카페,실내,11,6,Summer,1;10;11;12;13
2308200003,성심당 본점,성심당 본점,경기도,식당/카페,실내,11,6,Summer,1;10;11;12;13
2308200004,검멀레해변,2001아울렛 구로점,경기도,식당/카페,실내,11,6,Summer,1;10;11;12;13
2308200005,광안리해수욕장,2001아울렛 구로점,경기도,식당/카페,실내,11,6,Summer,1;10;11;12;13
2308200006,새별 오름,2001아울렛 구로점,부산광역시,식당/카페,실내,11,6,Summer,1;10;11;12;13
2308200007,곽지해수욕장,곽지해수욕장,경기도,식당/카페,실내,11,5,Summer,1;10;11;12;13
2308200008,CU 여수 진남점,CU여수진남점,경기도,식당/카페,실내,11,6,Summer,1;10;11;12;13
2308200009,987피자,987피자,강원도,식당/카페,실내,11,5,Summer,1;10;11;12;13
2308200010,BBQ 강릉 라카 유리조트 실내 출점,BBQ 강릉라카이리조트실내풀점,강원도,식당/카페,실내,11,5,Summer,1;10;12;13;2
2308200011,GS25 경포 라카 이점,GS25경포라카이점,전라남도,"상업지구(거리, 시장, 쇼핑시설)",실내,4,4,Summer,1;11;12;2;21
2308200017,세븐일레븐 서귀포 엠스테이점,,제주특별자치도,상점,실내,10,1,Summer,12;2;3;5;6
2308210001,88생선 구이,88생선구이,제주특별자치도,식당/카페,실내,11,6,Summer,1;10;11;12;13
2308210002,9.81파크,9.81파크,강원도,식당/카페,실내,11,6,Summer,1;10;11;12;13
2308210003,강문해변,2001아울렛 구로점,전라남도,식당/카페,실내,11,6,Summer,1;10;11;12;13
2308210004,제주동문시장,2001아울렛 구로점,경기도,식당/카페,실내,11,6,Summer,1;10;11;12;13
2308210005,제주동문시장,제주동문시장,전라남도,식당/카페,실내,11,6,Summer,1;10;11;12;13
2308210006,아르떼 뮤지엄 강릉,아르떼뮤지엄 강릉,전라남도,식당/카페,실내,11,5,Summer,1;10;11;12;13
2308210008,경동시장,2001아울렛 구로점,강원도,식당/카페,실내,11,5,Summer,1;10;11;12;13
2308210009,갤러리아백화점 센터시티점,갤러리아백화점 센터시티점,강원도,"상업지구(거리, 시장, 쇼핑시설)",실내,4,4,Summer,1;10;12;13;2
2308210010,경포해수욕장,경포해수욕장,충청남도,"상업지구(거리, 시장, 쇼핑시설)",실내,4,4,Summer,1;10;12;13;2
2308210012,강문해변,강문해변,제주특별자치도,식당/카페,실내,11,5,Summer,1;12;13;2;21
2308210013,경포대,경포대,경기도,자연관광지,실외,1,4,Summer,1;12;13;2;21
2308210014,경포 호수광장,경포호수광장,제주특별자치도,"역사/유적/종교 시설(문화재, 박물관, 촬영지, 절 등)",실외,2,3,Summer,1;12;2;22;23
2308220001,꽃동 게장 1번가,꽃돌게장1번가,전라남도,식당/카페,실내,11,6,Summer,1;10;11;12;2
2308220002,올래국수 본점,올래국수 본점,강원도,식당/카페,실내,11,6,Summer,1;10;11;12;2
2308220003,제주동문시장,제주동문시장,경기도,식당/카페,실내,11,6,Summer,1;10;11;12;13
2308220004,이호 테우해수욕장,2001아울렛 구로점,경상북도,식당/카페,실내,11,6,Summer,1;10;11;12;13
2308220005,제주동문시장,제주동문시장,경기도,식당/카페,실내,11,6,Summer,1;10;11;12;13
2308220006,여수 게장 낭만 별식,여수게장낭만별식,제주특별자치도,식당/카페,실내,11,5,Summer,1;10;11;12;13
2308220007,GS25 제주 함덕점,2001아울렛 구로점,강원도,식당/카페,실내,11,6,Summer,1;10;11;12;13
2308220008,서귀포 매일 올레시장,서귀포매일올레시장,서울특별시,식당/카페,실내,11,5,Summer,1;10;11;12;2
2308220010,해운대해수욕장,해운대해수욕장,부산광역시,식당/카페,실내,11,5,Summer,1;10;11;12;13
2308220011,강릉 중앙시장,강릉중앙시장,강원도,식당/카페,실내,11,5,Summer,1;12;2;21;22
2308220014,GS25 전주 교대점,GS25전주교대점,경기도,자연관광지,실외,1,5,Summer,1;11;12;2;21
2308230001,강릉 치킨,(사)대전광역시관광협회-트래블라운지,제주특별자치도,식당/카페,실내,11,6,Summer,1;10;11;12;13
2308230002,스타필드 하남,스타필드 하남,제주특별자치도,식당/카페,실내,11,6,Summer,1;10;11;12;13
2308230003,오설록 티 뮤지엄,오설록 티뮤지엄,강원도,식당/카페,실내,11,6,Summer,1;10;11;12;13
2308230004,아르떼 뮤지엄 제주,아르떼뮤지엄 제주,경기도,식당/카페,실내,11,6,Summer,1;10;11;12;13
2308230005,속초해수욕장,속초해수욕장,전라남도,식당/카페,실내,11,6,Summer,1;10;11;12;13
2308230006,제주동문시장,제주동문시장,전라남도,식당/카페,실내,11,6,Summer,1;10;11;12;13
2308230007,대릉원,대릉원,전라남도,식당/카페,실내,11,6,Summer,1;10;11;12;2
2308230008,동궁과 월지,동궁과월지,경기도,식당/카페,실내,11,5,Summer,1;10;11;12;2
2308230009,CU 담양 호텔 드 몽드점,CU 담양호텔드몽드점,제주특별자치도,식당/카페,실내,11,5,Summer,1;10;11;12;2
2308230010,국립경주박물관, 신세계백화점 센텀시티점,대구광역시,식당/카페,실내,11,5,Summer,1;12;2;21;22
2308230011,하멜등대,하멜등대,대구광역시,식당/카페,실내,11,5,Summer,1;12;2;21;22
2308230012,격포해수욕장,격포해수욕장,제주특별자치도,자연관광지,실외,1,6,Summer,1;11;12;2;21
2308230013,공차 부산 해운대구청점,공차 부산해운대구청점,전라북도,"상업지구(거리, 시장, 쇼핑시설)",실내,4,4,Summer,1;11;2;21;22
2308230014,꼴 목포 차 평거점,동궁과월지,경상남도,식당/카페,실내,11,7,Summer,1;2;22;24;26
2308240001,판포 포구,판포포구,제주특별자치도,식당/카페,실내,11,6,Summer,1;10;11;12;13
2308240002,제주동문시장,제주동문시장,경기도,식당/카페,실내,11,6,Summer,1;10;11;12;13
2308240003,강릉 동화 가든 본점,동화가든 본점,경기도,식당/카페,실내,11,6,Summer,1;10;11;12;13
2308240004,아르떼 뮤지엄 여수,아르떼뮤지엄 여수,강원도,식당/카페,실내,11,6,Summer,1;10;11;12;13
2308240005,금오름,금오름,서울특별시,식당/카페,실내,11,6,Summer,1;10;11;12;13
2308240006,제주동문시장,2001아울렛 구로점,부산광역시,식당/카페,실내,11,5,Summer,1;10;11;12;13
2308240007,제주동문시장,제주동문시장,강원도,식당/카페,실내,11,5,Summer,1;10;11;12;13
2308240009,서귀포 매일 올레시장,서귀포매일올레시장,강원도,식당/카페,실내,11,5,Summer,1;10;11;12;13
2308250001,제미니 국수,제미니국수,제주특별자치도,식당/카페,실내,11,6,Summer,1;10;11;12;13
2308250002,강문해변,2001아울렛 구로점,서울특별시,식당/카페,실내,11,6,Summer,1;10;11;12;13
2308250003,협재해수욕장,협재해수욕장,강원도,식당/카페,실내,11,6,Summer,1;10;11;12;13
2308250004,속초해수욕장,속초해수욕장,충청남도,식당/카페,실내,11,6,Summer,1;10;11;12;13
2308250005,서귀포 매일 올레시장,2001아울렛 구로점,제주특별자치도,식당/카페,실내,11,6,Summer,1;10;11;12;13
2308250006,23번 자매 실내 마차,23번자매실내마차,강원도,식당/카페,실내,11,6,Summer,1;10;11;12;13
2308250007,대천해수욕장,대천해수욕장,강원도,식당/카페,실내,11,5,Summer,1;10;11;12;13
2308250008,협재해수욕장,협재해수욕장,제주특별자치도,식당/카페,실내,11,6,Summer,1;10;11;12;13
2308250009,공주 산성시장 문화공원,공주산성시장 문화공원,강원도,식당/카페,실내,11,5,Summer,1;10;11;12;13
2308250010,1943 서귀포 명동 노점,1943 서귀포명동로점,강원도,식당/카페,실내,11,5,Summer,1;11;12;13;2
2308250011,BIFF 거리,2001아울렛 구로점,강원도,"상업지구(거리, 시장, 쇼핑시설)",실내,4,6,Summer,1;11;12;13;2
2308250012,ZARA 강남역점,ZARA 강남역점,강원도,식당/카페,실내,11,4,Summer,1;11;12;13;2
2308250014,과일 한입,성심당 케익부띠끄,경상북도,식당/카페,실내,11,2,Summer,1;11;12;2;21
2308250016,국수 한 그릇,국수한그릇,경상북도,식당/카페,실내,11,4,Summer,1;11;12;2;21
2308260001,아베베 베이커리,아베베베이커리,강원도,식당/카페,실내,11,6,Summer,1;10;11;12;2
2308260002,광명동굴,광명동굴,경기도,식당/카페,실내,11,6,Summer,1;10;11;12;13
2308260003,아쿠아 필드 하남,2001아울렛 구로점,경기도,식당/카페,실내,11,6,Summer,1;10;11;12;13
2308260004,대천해수욕장,2001아울렛 구로점,경기도,식당/카페,실내,11,6,Summer,1;10;11;12;13
2308260005,송도 맥주축제,2001아울렛 구로점,강원도,식당/카페,실내,11,6,Summer,1;10;11;12;13
2308260006,속초 항아리 물회,2001아울렛 구로점,경기도,식당/카페,실내,11,6,Summer,1;10;11;12;13
2308260007,대전엑스포 아쿠아리움,2001아울렛 구로점,서울특별시,식당/카페,실내,11,6,Summer,1;10;11;12;13
2308260008,국립세종수목원,2001아울렛 구로점,강원도,식당/카페,실내,11,5,Summer,1;10;11;12;13
2308260009,광안리해수욕장,광안리해수욕장,강원도,식당/카페,실내,11,5,Summer,1;10;11;12;13
2308260010,광안리해수욕장,광안리해수욕장,경상북도,식당/카페,실내,11,5,Summer,1;10;11;12;13
2308260011,가미,2001아울렛 구로점,부산광역시,식당/카페,실내,11,6,Summer,1;10;11;12;13
2308260012,광주예술의 거리,SK만재LPG충전소,부산광역시,식당/카페,실내,11,4,Summer,1;11;12;13;2
2308260013,GS25 수원 행리단길점,GS25 수원행리단길점,부산광역시,상점,실내,10,5,Summer,1;11;12;2;21
2308270001,지린성,지린성,강원도,식당/카페,실내,11,6,Summer,1;10;11;12;13
2308270002,김녕해수욕장,2001아울렛 구로점,경기도,식당/카페,실내,11,6,Summer,1;10;11;12;13
2308270003,국립중앙박물관,국립중앙박물관,경기도,식당/카페,실내,11,6,Summer,1;10;11;12;13
2308270004,G 타워,2001아울렛 구로점,경기도,식당/카페,실내,11,6,Summer,1;10;11;12;13
2308270005,광안리해수욕장,광안리해수욕장,경기도,식당/카페,실내,11,6,Summer,1;10;11;12;13
2308270006,대릉원,대릉원,강원도,식당/카페,실내,11,6,Summer,1;10;11;12;13
2308270007,협재해수욕장,2001아울렛 구로점,강원도,식당/카페,실내,11,6,Summer,1;10;11;12;13
2308270008,PNB 풍년제과 전주 본점,PNB풍년제과 전주 본점,강원도,식당/카페,실내,11,6,Summer,1;10;11;12;13
2308270009,강문해변,강문해변,경상북도,식당/카페,실내,11,5,Summer,1;10;11;12;13
2308270010,감자바위,감자바우,경기도,식당/카페,실내,11,5,Summer,1;10;11;12;13
2308270011,강릉 샌드 본점,2001아울렛 구로점,대전광역시,식당/카페,실내,11,6,Summer,1;10;12;13;2
2308270013,GS25 경주 북천점,GS25경주북천점,경상북도,"역사/유적/종교 시설(문화재, 박물관, 촬영지, 절 등)",실외,2,5,Summer,1;10;13;2;21
2308270016,강릉 옥수수빵,민락수변공원,강원도,자연관광지,실외,1,4,Summer,1;2;22;26;3
2308280001,올래국수 본점,올래국수 본점,제주특별자치도,식당/카페,실내,11,6,Summer,1;10;11;12;13
2308280002,9.81파크,9.81파크,경상남도,식당/카페,실내,11,6,Summer,1;10;11;12;13
2308280003,동궁과 월지,동궁과월지,부산광역시,식당/카페,실내,11,6,Summer,1;10;11;12;13
2308280004,판포 포구,판포포구,제주특별자치도,식당/카페,실내,11,6,Summer,1;10;11;12;13
2308280005,제주동문시장,제주동문시장,서울특별시,식당/카페,실내,11,6,Summer,1;10;11;12;13
2308280006,금오름,금오름,제주특별자치도,식당/카페,실내,11,5,Summer,1;10;11;12;13
2308280007,SK 렌터카 제주지점,SK렌터카 제주지점,부산광역시,식당/카페,실내,11,5,Summer,1;10;11;12;2
2308280008,도두봉,2001아울렛 구로점,제주특별자치도,식당/카페,실내,11,5,Summer,1;10;11;12;2
2308280009,구미 푸딩,구미 푸딩,경기도,식당/카페,실내,11,5,Summer,1;10;11;12;2
2308280010,농가 섬,대구아쿠아리움,경상남도,식당/카페,실내,11,4,Summer,1;10;12;2;21
2308280011,장안문,장안문,대구광역시,자연관광지,실외,1,4,Summer,1;12;2;21;22
2308280012,동궁과 월지,동궁과월지,부산광역시,자연관광지,실외,1,5,Summer,1;12;2;21;22
2308290001,9.81파크,9.81파크,충청남도,식당/카페,실내,11,6,Summer,1;10;11;12;13
2308290002,제주동문시장,제주동문시장,제주특별자치도,식당/카페,실내,11,6,Summer,1;10;11;12;13
2308290003,국립현대미술관 과천,국립현대미술관,제주특별자치도,식당/카페,실내,11,6,Summer,1;10;11;12;13
2308290004,오설록 티 뮤지엄,오설록 티뮤지엄,제주특별자치도,식당/카페,실내,11,6,Summer,1;10;11;12;13
2308290005,용두암,용두암,강원도,식당/카페,실내,11,6,Summer,1;10;11;12;13
2308290006,고기장,2001아울렛 구로점,서울특별시,식당/카페,실내,11,6,Summer,1;10;11;12;13
2308290007,우무 2호점,우무 2호점,강원도,식당/카페,실내,11,5,Summer,1;10;11;12;13
2308290008,서귀포 매일 올레시장,서귀포매일올레시장,제주특별자치도,식당/카페,실내,11,5,Summer,1;10;11;12;13
2308290009,KSPO 돔,2001아울렛 구로점,제주특별자치도,식당/카페,실내,11,5,Summer,1;10;11;12;13
2308290012,남녕국수,남녕국수,경상북도,식당/카페,실내,11,5,Summer,1;10;11;12;13
2308300001,런던 베이글 뮤지엄 제주점,2001아울렛 구로점,제주특별자치도,식당/카페,실내,11,6,Summer,1;10;11;12;13
2308300002,섭지코지,섭지코지,강원도,식당/카페,실내,11,6,Summer,1;10;11;12;13
2308300003,성산일출봉,성산일출봉,강원도,식당/카페,실내,11,6,Summer,1;10;11;12;13
2308300004,제주동문시장,제주동문시장,제주특별자치도,식당/카페,실내,11,5,Summer,1;10;11;12;13
2308300005,삼양해수욕장,삼양해수욕장,제주특별자치도,식당/카페,실내,11,5,Summer,1;10;11;12;13
2308300006,제주동문시장,제주동문시장,제주특별자치도,식당/카페,실내,11,5,Summer,1;10;11;12;13
2308300007,협재해수욕장,협재해수욕장,대전광역시,식당/카페,실내,11,5,Summer,1;10;11;12;13
2308300008,서귀포 매일 올레시장,서귀포매일올레시장,제주특별자치도,식당/카페,실내,11,5,Summer,1;10;11;12;13
2308300009,바이 제주,바이제주,강원도,식당/카페,실내,11,4,Summer,1;10;11;12;13
2308300010,가담 국수,가담국수,강원도,식당/카페,실내,11,5,Summer,1;10;11;12;13
2308300011,광안리해수욕장,광안리해수욕장,강원도,"상업지구(거리, 시장, 쇼핑시설)",실내,4,4,Summer,1;10;11;12;13
2308300012,가마솥 옛 강정,가마솥옛강정,강원도,식당/카페,실내,11,5,Summer,1;11;12;13;2
2308310001,런던 베이글 뮤지엄 제주점,런던베이글뮤지엄 제주점,부산광역시,식당/카페,실내,11,6,Summer,1;10;11;12;13
2308310002,협재해수욕장,협재해수욕장,제주특별자치도,식당/카페,실내,11,6,Summer,1;10;11;12;13
2308310003,제주 허브동산,2001아울렛 구로점,제주특별자치도,식당/카페,실내,11,6,Summer,1;10;11;12;13
2308310004,대릉원,대릉원,경기도,식당/카페,실내,11,6,Summer,1;10;11;12;13
2308310005,SK 렌터카 제주지점,SK렌터카 제주지점,제주특별자치도,식당/카페,실내,11,5,Summer,1;10;11;12;13
2308310006,성심당 케이크 부티크,성심당 케익부띠끄,경기도,식당/카페,실내,11,5,Summer,1;10;11;12;13
2308310007,AK플라자 홍대,AK플라자 홍대,제주특별자치도,식당/카페,실내,11,5,Summer,1;10;11;12;13
2308310008,그레이트 판교,그레이츠 판교,제주특별자치도,식당/카페,실내,11,5,Summer,1;10;11;12;2
2308310009,함덕해수욕장,함덕해수욕장,제주특별자치도,식당/카페,실내,11,5,Summer,1;10;11;12;13
2308310010,강릉 3.1독립만세운동 기념탑,강릉3.1독립만세운동 기념탑,경상북도,상점,실내,10,5,Summer,1;10;11;12;13
2308310011,Cafe red N green(휴애리 커피숍),굿올데이즈카페,제주특별자치도,식당/카페,실내,11,5,Summer,1;10;11;12;2
2308310015,노도 고등어회,노도고등어회,경상북도,상점,실내,10,4,Summer,1;11;12;2;21
2308310028,벤치,,강원도,기타,혼합,12,4,Summer,12;21;3
2309010001,9.81파크,9.81파크,제주특별자치도,식당/카페,실내,11,6,Fall,1;10;11;12;13
2309010002,제주동문시장,제주동문시장,제주특별자치도,식당/카페,실내,11,6,Fall,1;10;11;12;13
2309010003,예산 상설시장,예산시장입구,제주특별자치도,식당/카페,실내,11,6,Fall,1;10;11;12;13
2309010004,서귀포 매일 올레시장,서귀포매일올레시장,제주특별자치도,식당/카페,실내,11,6,Fall,1;10;11;12;13
2309010005,안목 해변,안목해변,제주특별자치도,식당/카페,실내,11,6,Fall,1;10;11;12;13
2309010006,(주) 남문 소나타 카페,2001아울렛 구로점,강원도,식당/카페,실내,11,6,Fall,1;10;11;12;13
2309010007,속초관광수산시장,속초관광수산시장,경기도,식당/카페,실내,11,6,Fall,1;10;11;12;13
2309010008,가르 송티 미드 제주점, 신세계백화점 센텀시티점,전라북도,식당/카페,실내,11,4,Fall,1;10;11;12;13
2309010009,가평군 농협 하나로마트 자라 점,가평군농협하나로마트 자라점,강원도,식당/카페,실내,11,5,Fall,1;11;12;13;2
2309010010,2.28기념중앙공원,2.28기념중앙공원,제주특별자치도,자연관광지,실외,1,5,Fall,1;10;11;12;2
2309010013,경포호,경포호,인천광역시,식당/카페,실내,11,4,Fall,1;12;13;2;21
2309020001,성산일출봉,성산일출봉,전라남도,식당/카페,실내,11,6,Fall,1;10;11;12;13
2309020002,사계해변,사계해변,경상북도,식당/카페,실내,11,6,Fall,1;10;11;12;13
2309020003,국립세종수목원,2001아울렛 구로점,서울특별시,식당/카페,실내,11,6,Fall,1;10;11;12;13
2309020004,산토리니,산토리니,제주특별자치도,식당/카페,실내,11,6,Fall,1;10;11;12;13
2309020005,성심당 케이크 부티크,2001아울렛 구로점,충청남도,식당/카페,실내,11,6,Fall,1;10;11;12;13
2309020006,김녕해수욕장,김녕해수욕장,경상북도,식당/카페,실내,11,6,Fall,1;10;11;12;13
2309020007,BNK 부산은행 본점,2001아울렛 구로점,강원도,식당/카페,실내,11,5,Fall,1;10;11;12;13
2309020008,신흥동 일본식 가옥,신흥동일본식가옥,강원도,식당/카페,실내,11,5,Fall,1;10;11;12;13
2309020009,143베이커리 커피숍,143베이커리&커피숍,강원도,식당/카페,실내,11,5,Fall,1;10;11;12;2
2309020012,경암동 철길마을,경암동철길마을,경상북도,식당/카페,실내,11,4,Fall,1;10;11;12;2
2309020013,고흐의 책방,2001아울렛 구로점,대전광역시,식당/카페,실내,11,4,Fall,1;10;11;12;2
2309030001,우진해장국,우진해장국,전라북도,식당/카페,실내,11,6,Fall,1;10;11;12;13
2309030002,성산일출봉,성산일출봉,전라북도,식당/카페,실내,11,6,Fall,1;10;11;12;13
2309030003,대전중앙시장,2001아울렛 구로점,강원도,식당/카페,실내,11,6,Fall,1;10;11;12;13
2309030004,보문사,보문사,제주특별자치도,식당/카페,실내,11,6,Fall,1;10;11;12;13
2309030005,무주반딧불축제,무주반딧불축제,경기도,식당/카페,실내,11,6,Fall,1;10;11;12;13
2309030006,함덕해수욕장,함덕해수욕장,경기도,식당/카페,실내,11,6,Fall,1;10;11;12;13
2309030007,델문도,델문도,부산광역시,식당/카페,실내,11,6,Fall,1;10;11;12;13
2309030008,강릉 중앙시장,2001아울렛 구로점,부산광역시,식당/카페,실내,11,5,Fall,1;10;11;12;13
2309030010,교동 미술관,2001아울렛 구로점,강원도,자연관광지,실외,1,5,Fall,1;10;11;12;13
2309030011,당근과해녀,당근과해녀,전라북도,식당/카페,실내,11,6,Fall,1;11;12;13;2
2309030012,미가 칼국수,미가칼국수,전라북도,식당/카페,실내,11,4,Fall,1;11;12;13;2
2309040002,섭지코지,섭지코지,전라남도,식당/카페,실내,11,6,Fall,1;10;11;12;13
2309040003,함덕해수욕장,함덕해수욕장,대전광역시,식당/카페,실내,11,6,Fall,1;10;11;12;13
2309040004,가닥,2001아울렛 구로점,대구광역시,식당/카페,실내,11,6,Fall,1;10;11;12;13
2309040005,귤꽃 카페,귤꽃카페,인천광역시,식당/카페,실내,11,6,Fall,1;10;11;12;13
2309040006,BHC치킨 통도사점,BHC치킨 통도사점,제주특별자치도,식당/카페,실내,11,5,Fall,1;11;12;13;2
2309040007,21아울렛 구로점,2001아울렛 구로점,제주특별자치도,자연관광지,실외,1,5,Fall,1;11;12;13;2
2309040008,루치아의 뜰,루치아의뜰,경상북도,식당/카페,실내,11,5,Fall,1;11;12;13;2
2309040010,금복식당,금복식당,제주특별자치도,식당/카페,실내,11,6,Fall,1;11;12;2;21
2309040012,모루쿠다 올레시장점,모루쿠다,제주특별자치도,식당/카페,실내,11,6,Fall,1;11;12;2;21
2309040013,제주도 품관,,제주특별자치도,상점,실내,10,1,Fall,11;12;2;22;23
2309050003,2층 모르니 팝업,감포해국길,제주특별자치도,식당/카페,실내,11,6,Fall,1;10;11;12;13
2309050004,성심당 본점,성심당 본점,전라남도,식당/카페,실내,11,7,Fall,1;10;11;12;13
2309050006,1925감포,1925감포,제주특별자치도,식당/카페,실내,11,6,Fall,1;10;11;12;13
2309050007,24시 전주 콩나물국밥,곽지해수욕장,전라북도,식당/카페,실내,11,6,Fall,1;10;11;12;13
2309050013,대구 동성로,월정리해안도로,대구광역시,자연관광지,실외,1,4,Fall,1;13;2;21;22
2309060002,국수영,국수연,광주광역시,식당/카페,실내,11,6,Fall,1;10;11;12;13
2309060003,가는 곶 세화, 신세계백화점 센텀시티점,충청남도,식당/카페,실내,11,6,Fall,1;10;11;12;13
2309060004,GS25 직지사점,2001아울렛 구로점,제주특별자치도,식당/카페,실내,11,6,Fall,1;10;11;12;2
2309060005,가치관,2001아울렛 구로점,강원도,식당/카페,실내,11,6,Fall,1;10;11;12;2
2309060006,강촌레일파크 김유정 레일바이크,강촌레일파크 김유정역,강원도,식당/카페,실내,11,6,Fall,1;10;11;12;2
2309060007,경주월드,경주월드,제주특별자치도,식당/카페,실내,11,5,Fall,1;10;11;12;2
2309060008,가마솥 족발,가마솥족발,인천광역시,자연관광지,실외,1,5,Fall,1;10;11;12;2
2309060009,고도리,고도리,경상북도,식당/카페,실내,11,6,Fall,1;11;12;2;21
2309060010,깡촌흑돼지 함덕본점,깡촌흑돼지 함덕본점,충청남도,식당/카페,실내,11,6,Fall,1;11;12;2;21
2309060012,교촌마을,교촌마을,경기도,자연관광지,실외,1,3,Fall,1;11;22;24;26
2309060013,도르멍쉼팡,도르멍쉼팡,경상북도,"역사/유적/종교 시설(문화재, 박물관, 촬영지, 절 등)",실외,2,5,Fall,1;2;22;26;27
2309060015,동궁과 월지,동궁과월지,제주특별자치도,자연관광지,실외,1,4,Fall,1;22;26;27;28
2309070001,성심당 본점,성심당 본점,인천광역시,식당/카페,실내,11,6,Fall,1;10;11;12;2
2309070002,거제 파노라마 케이블카,(주)리더스원홀딩스일마레영종리베라호텔점,강원도,식당/카페,실내,11,6,Fall,1;10;11;12;2
2309070003,9.81파크, 신세계백화점 센텀시티점,대전광역시,식당/카페,실내,11,6,Fall,1;10;11;12;2
2309070004,168테우,168테우,전라남도,식당/카페,실내,11,6,Fall,1;10;11;12;2
2309070005,VVS 뮤지엄,VVS뮤지엄,강원도,식당/카페,실내,11,5,Fall,1;10;11;12;13
2309070006,평화광장,평화광장,강원도,식당/카페,실내,11,5,Fall,1;11;12;13;2
2309070007,NC백화점 중앙로역점 주차장,NC백화점 중앙로역점 주차장,강원도,식당/카페,실내,11,6,Fall,1;11;12;2;21
2309070008,성심당 본점,성심당 본점,강원도,식당/카페,실내,11,5,Fall,1;11;12;2;21
2309070009,219 물벼락 만화카페,2001아울렛 구로점,강원도,상점,실내,10,5,Fall,1;11;12;2;21
2309070010,광천 식당,광천식당,강원도,식당/카페,실내,11,4,Fall,1;11;12;2;21
2309080001,김녕해수욕장,김녕해수욕장,충청남도,식당/카페,실내,11,6,Fall,1;10;11;12;2
2309080003,가시 차방국 수,2001아울렛 구로점,대구광역시,식당/카페,실내,11,5,Fall,1;10;11;12;13
2309080004,성심당 본점,성심당 본점,세종특별자치시,식당/카페,실내,11,6,Fall,1;10;11;12;13
2309080005,담양 관방제림,담양관방제림,대전광역시,식당/카페,실내,11,6,Fall,1;10;11;12;13
2309080006,대전시립미술관,대전시립미술관,충청북도,식당/카페,실내,11,5,Fall,1;10;11;12;13
2309080011,강문해변,강문해변,전라남도,식당/카페,실내,11,5,Fall,1;12;2;21;22
2309080012,강릉 옥수수빵,광안리해수욕장,강원도,자연관광지,실외,1,3,Fall,1;12;21;22;24
2309090002,국립 해양 박물관,국립해양박물관,서울특별시,식당/카페,실내,11,6,Fall,1;10;11;12;13
2309090003,국립세종수목원,국립세종수목원,충청남도,식당/카페,실내,11,6,Fall,1;10;11;12;13
2309090004,국립세종수목원,국립세종수목원,경상남도,식당/카페,실내,11,6,Fall,1;10;11;12;13
2309090005,대릉원,대릉원,대전광역시,식당/카페,실내,11,6,Fall,1;10;11;12;13
2309090006,사천진 해변,2001아울렛 구로점,충청남도,식당/카페,실내,11,5,Fall,1;10;11;12;13
2309090007,포항 철길 숲,포항철길숲,경상남도,식당/카페,실내,11,5,Fall,1;10;11;12;13
2309090008,성심당 본점,성심당 본점,경상북도,식당/카페,실내,11,5,Fall,1;10;11;12;13
2309090009,한밭수목원,한밭수목원,경상북도,식당/카페,실내,11,6,Fall,1;10;11;12;13
2309090010,강문해변,강문해변,대전광역시,식당/카페,실내,11,6,Fall,1;10;11;12;2
2309090012,강릉 월화 거리,강릉월화거리,전라남도,식당/카페,실내,11,6,Fall,1;11;12;2;21
2309090015,곰돌이 왕만두,곰돌이왕만두,경상북도,식당/카페,실내,11,3,Fall,1;2;22;23;3
2309100001,거제자연휴양림 산림문화휴양관,2001아울렛 구로점,경상남도,식당/카페,실내,11,6,Fall,1;10;11;12;2
2309100002,불국사,불국사,강원도,식당/카페,실내,11,6,Fall,1;10;11;12;13
2309100003,AB 요트,2001아울렛 구로점,대전광역시,식당/카페,실내,11,6,Fall,1;10;11;12;13
2309100004,대전시립미술관,2001아울렛 구로점,대구광역시,식당/카페,실내,11,6,Fall,1;10;11;12;13
2309100005,김녕해수욕장,김녕해수욕장,강원도,식당/카페,실내,11,6,Fall,1;10;11;12;13
2309100006,LF 스퀘어 광양점,2001아울렛 구로점,경상북도,식당/카페,실내,11,6,Fall,1;10;11;12;13
2309100007,GT 커피,GT커피,강원도,식당/카페,실내,11,6,Fall,1;10;11;12;13
2309100008,제주동문시장,제주동문시장,대전광역시,식당/카페,실내,11,6,Fall,1;10;11;12;13
2309100009,ZARA 충장로점,ZARA 충장로점,제주특별자치도,식당/카페,실내,11,5,Fall,1;10;11;12;13
2309100012,경주석빙고,경주석빙고,대전광역시,"역사/유적/종교 시설(문화재, 박물관, 촬영지, 절 등)",실외,2,3,Fall,1;10;12;2;21
2309100013,국립경주박물관,국립경주박물관,대전광역시,"상업지구(거리, 시장, 쇼핑시설)",실내,4,4,Fall,1;10;12;2;22
2309110001,대구 메리어트호텔 어반 키친,대구메리어트호텔 어반키친,제주특별자치도,식당/카페,실내,11,6,Fall,1;10;11;12;13
2309110002,세종 호수공원,세종호수공원,경상남도,자연관광지,실외,1,7,Fall,1;10;11;12;13
2309110003,영남 식당,영남식당,경상남도,식당/카페,실내,11,6,Fall,1;10;11;12;2
2309110004,고석정 국민관광지,고석정국민관광지,대전광역시,"상업지구(거리, 시장, 쇼핑시설)",실내,4,5,Fall,1;11;12;2;21
2309110005,1.5닭갈비,1.5닭갈비,강원도,식당/카페,실내,11,5,Fall,1;11;12;2;21
2309110006,2.28기념중앙공원,2.28기념중앙공원,경기도,식당/카페,실내,11,6,Fall,1;11;12;2;21
2309110007,갈맷길 2코스 2구간,갈맷길 2코스2구간,강원도,자연관광지,실외,1,6,Fall,1;11;12;21;22
2309110009,강원옥,강원옥,경상남도,자연관광지,실외,1,4,Fall,1;11;21;22;23
2309120003,가평 별빛정원,가평별빛정원,경상남도,"문화 시설(공연장, 영화관, 전시관 등)",실내,3,5,Fall,1;10;11;12;13
2309120005,가부장,거부장,전라북도,식당/카페,실내,11,6,Fall,1;10;11;12;13
2309130002,산방산 탄산온천,산방산탄산온천,경상남도,"상업지구(거리, 시장, 쇼핑시설)",실내,4,7,Fall,1;10;11;13;2
2309130004,국제시장,국제시장,제주특별자치도,자연관광지,실외,1,5,Fall,1;10;11;12;13
2309130005,경남도립미술관,경남도립미술관,대구광역시,자연관광지,실외,1,5,Fall,1;10;11;12;13
2309130007,더 무그,2001아울렛 구로점,부산광역시,자연관광지,실외,1,5,Fall,1;10;11;12;13
2309130008,F1963,F1963,전라남도,"문화 시설(공연장, 영화관, 전시관 등)",실내,3,5,Fall,1;10;11;13;2
2309130009,기지시 줄다리기 박물관,기지시줄다리기박물관,전라북도,식당/카페,실내,11,5,Fall,1;10;11;13;2
2309130010,광안리해수욕장,광안리해수욕장,전라남도,자연관광지,실외,1,4,Fall,1;10;13;2;21
2309130011,다이소 대전중앙로역점,다이소 대전중앙로역점,충청남도,식당/카페,실내,11,2,Fall,1;10;2;21;22
2309130014,에이치디,이응노미술관,부산광역시,"문화 시설(공연장, 영화관, 전시관 등)",실내,3,4,Fall,1;2;22;24;26
2309130015,곤지암할미소머리국밥 대전만년점,곤지암할매소머리국밥 대전만년점,부산광역시,"상업지구(거리, 시장, 쇼핑시설)",실내,4,4,Fall,1;2;22;24;26
2309130017,엑스포시민광장,엑스포시민광장,부산광역시,"상업지구(거리, 시장, 쇼핑시설)",실내,4,2,Fall,1;2;22;24;26
2309140002,계룡스파텔,계룡스파텔,강원도,"산책로, 둘레길 등",실외,7,5,Fall,1;10;11;12;2
2309140003,GS25 영종 중산점,GS25 영종중산점,경상북도,식당/카페,실내,11,6,Fall,1;10;11;12;13
2309140005,경주 동궁원,경주동궁원,경상북도,식당/카페,실내,11,5,Fall,1;10;11;12;2
2309140006,BCD 커피,BCD커피,경상북도,식당/카페,실내,11,5,Fall,1;10;11;12;13
2309140013,섬강길,섬강길,강원도,"산책로, 둘레길 등",실외,7,1,Fall,1;11;2;3;5
2309140014,횡성전통시장 주차장 근처 길가,횡성전통시장주차장 근처 길가,강원도,기타,혼합,12,9,Fall,11;2;3;5;6
2309150001,갈치 공장,갈치공장,충청남도,식당/카페,실내,11,6,Fall,1;12;2;21;22
2309150003,거가대교 홍보전시관,거가대교 홍보전시관,전라남도,식당/카페,실내,11,6,Fall,1;10;11;12;2
2309150004,강화 미술관,고마나루1999,인천광역시,식당/카페,실내,11,5,Fall,1;10;11;12;2
2309150005,죽녹원,죽녹원,충청남도,식당/카페,실내,11,5,Fall,1;10;12;2;21
2309150006,경기전,2001아울렛 구로점,경상남도,식당/카페,실내,11,5,Fall,1;10;11;12;2
2309150007,경주 황금십원빵 앗 싸 삼덕마켓 황남옥수수,단양구경시장,경상남도,식당/카페,실내,11,5,Fall,1;12;2;21;22
2309150011,광안리해수욕장,광안리해수욕장,전라남도,식당/카페,실내,11,5,Fall,1;22;26;28;3
2309150012,다산초당,다산초당,대구광역시,"역사/유적/종교 시설(문화재, 박물관, 촬영지, 절 등)",실외,2,5,Fall,1;12;21;22;23
2309160001,메가 MGC 커피 군산대점,메가MGC커피 군산대점,경기도,식당/카페,실내,11,5,Fall,1;10;11;12;13
2309160002,남정 부일 기사식당,남정부일기사식당,대구광역시,식당/카페,실내,11,6,Fall,1;10;11;12;13
2309160003,소양강댐 정상 주차장,2001아울렛 구로점,제주특별자치도,식당/카페,실내,11,6,Fall,1;10;11;12;13
2309160004,성심당 본점,성심당 본점,제주특별자치도,식당/카페,실내,11,6,Fall,1;10;11;12;13
2309160005,국립세종수목원,국립세종수목원,충청남도,식당/카페,실내,11,6,Fall,1;10;11;12;13
2309160006,국립세종수목원,2001아울렛 구로점,경기도,식당/카페,실내,11,5,Fall,1;10;11;12;13
2309160007,이마트 서귀포점,이마트 서귀포점,강원도,식당/카페,실내,11,6,Fall,1;10;11;12;13
2309160008,새별 오름,새별오름,경상북도,식당/카페,실내,11,5,Fall,1;10;11;12;13
2309160009,거제도 현 시장,거제고현시장,대전광역시,식당/카페,실내,11,5,Fall,1;10;11;12;13
2309170002,용머리해안,용머리해안,제주특별자치도,식당/카페,실내,11,6,Fall,1;10;11;13;2
2309170003,사계해변,남당항대하축제,제주특별자치도,식당/카페,실내,11,6,Fall,1;10;11;12;13
2309170004,제주동문시장,제주동문시장,제주특별자치도,식당/카페,실내,11,6,Fall,1;10;11;12;13
2309170005,롯데리아 제주 표선해변점,롯데리아 제주표선해변점,제주특별자치도,식당/카페,실내,11,6,Fall,1;10;11;12;13
2309170006,성심당 본점,성심당 본점,제주특별자치도,식당/카페,실내,11,6,Fall,1;10;11;12;13
2309170007,(재단) 인천 교구 천주교회 유지재단,(재단)인천교구천주교회유지재단,대전광역시,식당/카페,실내,11,5,Fall,1;10;11;12;2
2309170008,PC 카페 넥스,2001아울렛 구로점,강원도,식당/카페,실내,11,6,Fall,1;10;11;12;13
2309170009,GS25 서면 문화정,2001아울렛 구로점,제주특별자치도,식당/카페,실내,11,5,Fall,1;10;11;2;21
2309170010,광한루원,광한루원,경기도,식당/카페,실내,11,5,Fall,1;2;21;22;24
2309170011,곰돌이 식당,2001아울렛 구로점,대전광역시,식당/카페,실내,11,5,Fall,1;10;11;2;21
2309170012,데이 오브 위크,데이오브위크,대전광역시,"상업지구(거리, 시장, 쇼핑시설)",실내,4,5,Fall,1;2;21;22;24
2309180002,둥지 터,둥지터,제주특별자치도,식당/카페,실내,11,7,Fall,1;10;11;12;2
2309180003,9.81파크,(주)보광호,충청남도,식당/카페,실내,11,6,Fall,1;10;11;12;13
2309180004,강화도 외포항 젓갈수산시장,강화도 외포항젓갈수산시장,울산광역시,식당/카페,실내,11,5,Fall,1;10;11;12;13
2309180005,고메,고메,울산광역시,자연관광지,실외,1,5,Fall,1;10;11;12;13
2309180006,개심사,개심사,경상남도,식당/카페,실내,11,5,Fall,1;10;12;2;21
2309180008,국립 대운산 치유의 숲,국립대운산치유의숲,전라남도,자연관광지,실외,1,5,Fall,1;2;21;22;24
2309190001,남원식당,남원식당,제주특별자치도,식당/카페,실내,11,4,Fall,1;2;22;6
2309190002,뉴월드마트로 동홍점,뉴월드마트로 동홍점,제주특별자치도,식당/카페,실내,11,6,Fall,1;10;2;21;22
2309190004,김녕해수욕장,김녕해수욕장,제주특별자치도,식당/카페,실내,11,6,Fall,1;10;12;13;2
2309190005,고성 왕곡마을,2001아울렛 구로점,경상북도,식당/카페,실내,11,6,Fall,1;10;12;13;2
2309190007,WARUNGANAHA,돌산공원,강원도,식당/카페,실내,11,5,Fall,1;10;12;13;21
2309200003,ICC 제주국제컨벤션센터,ICC제주국제컨벤션센터,제주특별자치도,자연관광지,실외,1,6,Fall,1;10;11;12;13
2309200004,근화동 당간 지주,근화동당간지주,제주특별자치도,식당/카페,실내,11,6,Fall,1;10;11;12;13
2309200005,고향 생각,고향생각,제주특별자치도,식당/카페,실내,11,6,Fall,1;10;11;12;13
2309200008,도쿄 빙수 은행동점,도쿄빙수 은행동점,제주특별자치도,식당/카페,실내,11,5,Fall,1;11;13;2;21
2309200011,심상,,경상북도,"상업지구(거리, 시장, 쇼핑시설)",실내,4,1,Fall,22;3;4
2309220005,5.18 기념공원,5.18 기념공원,광주광역시,식당/카페,실내,11,6,Fall,1;10;13;2;21
2309220006,광주 상무 1지구,광주 상무1지구,광주광역시,"상업지구(거리, 시장, 쇼핑시설)",실내,4,5,Fall,1;10;2;21;22
2309220007,경포호,2001아울렛 구로점,광주광역시,"산책로, 둘레길 등",실외,7,4,Fall,1;2;21;22;24
2309220008,사근 긴 해변,사근진해변,경상북도,상점,실내,10,3,Fall,1;2;21;22;24
2309220009,5.18 민주광장 옛 전남도청 별관,2001아울렛 구로점,광주광역시,상점,실내,10,4,Fall,1;2;21;22;24
2309220010,5.18 민주화 운동 기록관,5.18 민주화 운동 기록관,광주광역시,식당/카페,실내,11,5,Fall,1;22;24;26;3
2309230002,이마트 군산점,CU 평택르플로랑점,세종특별자치시,식당/카페,실내,11,6,Fall,1;10;11;12;13
2309230003,공주 무령왕릉과 왕릉원,공주 무령왕릉과 왕릉원,경상남도,식당/카페,실내,11,6,Fall,1;10;11;12;13
2309230005,S 마트,S마트,경상남도,식당/카페,실내,11,6,Fall,1;10;11;12;13
2309230006,6계 부천 역곡점,60계통닭,전라북도,식당/카페,실내,11,5,Fall,1;10;11;12;13
2309230009,국립공주박물관,국립공주박물관,대구광역시,"문화 시설(공연장, 영화관, 전시관 등)",실내,3,3,Fall,1;10;11;12;2
2309230010,경산 분식,대전시립미술관,대구광역시,식당/카페,실내,11,4,Fall,1;10;11;12;2
2309230011,고래서 이뻐,고래서이뻐,대구광역시,"역사/유적/종교 시설(문화재, 박물관, 촬영지, 절 등)",실외,2,4,Fall,1;10;11;12;2
2309240002,경방루,경방루,전라북도,식당/카페,실내,11,6,Fall,1;11;12;13;2
2309240003,갤러리아백화점 타임월드점,갤러리아백화점 타임월드점,대전광역시,식당/카페,실내,11,6,Fall,1;10;11;12;13
2309240004,경남 식당,경남식당,대전광역시,식당/카페,실내,11,6,Fall,1;10;11;12;13
2309240005,BRT 작은 미술관,(사)대전광역시관광협회-트래블라운지,전라북도,식당/카페,실내,11,6,Fall,1;10;11;12;13
2309240008,GS25 부여박물관점,GS25 부여박물관점,충청남도,"상업지구(거리, 시장, 쇼핑시설)",실내,4,4,Fall,1;11;2;21;22
2309240016,oreon,,전라북도,"상업지구(거리, 시장, 쇼핑시설)",실내,4,1,Fall,21;22;4;6;9
2309260003,국립아시아문화전당 옛 전남도청 별관,국립아시아문화전당,전라북도,"역사/유적/종교 시설(문화재, 박물관, 촬영지, 절 등)",실외,2,6,Fall,1;11;2;22;24
2309260009,부여 백마강 길,,충청남도,"산책로, 둘레길 등",실외,7,4,Fall,1;22;24;3;6
2309270002,광주김치박물관,광주김치박물관,충청남도,식당/카페,실내,11,6,Fall,1;10;11;12;13
2309270003,CGV 광주 상무,고서회관,광주광역시,식당/카페,실내,11,6,Fall,1;10;11;12;13
2309270004,1913 송정역시장,1913송정역시장,광주광역시,식당/카페,실내,11,6,Fall,1;10;11;12;13
2309270005,01도라,01도라,광주광역시,식당/카페,실내,11,6,Fall,1;10;11;12;13
2309270006,공차 광주 운암 벽산점,공차 광주운암벽산점,전라북도,"상업지구(거리, 시장, 쇼핑시설)",실내,4,5,Fall,1;10;11;12;13
2309280003,공주 산성시장,공주산성시장,충청남도,식당/카페,실내,11,6,Fall,1;10;12;13;2
2309280004,대백제전,대백제전,충청남도,식당/카페,실내,11,6,Fall,1;10;12;13;2
2309280005,격포항,격포항,충청남도,"역사/유적/종교 시설(문화재, 박물관, 촬영지, 절 등)",실외,2,5,Fall,1;10;12;2;21
2309280009,남산 안보공원,성심당 케익부띠끄,충청남도,식당/카페,실내,11,6,Fall,1;10;2;22;24
2309300004,메밀꽃필무렵,메밀꽃필무렵,전라남도,식당/카페,실내,11,8,Fall,1;12;2;21;22
